Feature_1,Feature_2,Feature_3,Feature_4,Feature_5,Feature_6,Feature_7,Feature_8,Target
-1.7325381940361015,5.260112427169513,-2.952193761016626,-4.603768097312311,2.2358482863221476,1.9288930404726177,-0.10184533635314663,3.193486774595013,0
2.0729142456616945,2.2405717166837995,-1.3851038587554734,-2.5149618242122482,-0.9847559339545294,1.436259590746357,-1.2552712665980907,2.089871504625298,0
-0.26310576562108934,1.527780788121635,-1.8724140948082812,-0.02800926989507424,1.612809186270293,3.2641936308222457,-1.2964212204901395,1.5378695044256077,0
-0.16434899429220928,-0.550130519734058,-0.01950348553508119,-0.7650000735730837,2.2735227946738403,2.084216711449292,-0.3219312118355421,0.4262529275122299,0
-1.4194229680135666,1.0153237494987275,-0.8644406436722208,-0.009297104773718035,0.3854038195590084,0.4490933883552851,-0.029007396193229562,-1.902917434666152,1
-0.19199559582331238,0.7729839930174157,-0.8217222055310816,-1.3939375508599752,0.8019712429272584,1.146064792752442,-0.1621202899750378,-0.5716847950250544,1
0.8313616357481478,0.5598557166187574,-0.635476525852926,1.137416783353137,-0.0901944068487982,1.6286265088591267,-1.2993677578092,2.258599900864832,1
1.105202099639599,-0.8268171438876948,-2.6371159871058873,0.4260770848660417,3.0010944596451856,6.750345769785214,-2.1764423945625477,-1.1780256256716384,0
-0.6990328624623894,2.705087622743341,-0.3567334649414443,-0.4174216675129364,-1.5949291025556744,-0.3502253947858307,-1.1445145081839627,-1.0802996715971596,0
1.0110177214542981,-1.6821645552186284,-1.3665639964547025,2.120833659014146,0.7284795050825899,3.1870461188088015,-1.037126033924474,-1.3844911711892203,1
-1.3399459836337382,0.8675867660072074,0.7907371904830991,0.9100066600455725,1.6694859915675737,2.4199551863250206,-2.0517695191217964,-0.04011704122682702,0
0.9957066539918573,3.948284352133198,-1.5389498868692688,-3.6217647377133737,0.013285607739711436,1.5824907967951176,-1.3129933519891264,3.942170438873058,0
1.6958715506369213,-1.3424127903036196,4.018549285019376,0.9350353147502557,-3.0415092618248876,-2.714073634145427,-1.227234927251248,-0.6206335732414976,1
0.6049189299611848,-2.036038327267074,-1.531538568955164,1.6075987291630434,3.065850206343494,5.176793346593127,-1.2730390203041244,-0.5147448523636011,1
-4.167167455703206,5.068383485695913,-1.4441999570304977,-1.5243857328651025,0.14758799029307124,-0.19919501015861316,-0.5450358775375761,-3.0985551561849705,0
-4.021861590602208,6.288588857965974,-2.0147512805939325,-3.238884015214337,1.0393333949601873,0.6877329471803569,-0.7386203891094822,-1.1764796697660138,0
1.9287925985640881,-0.7985292841440802,-0.3429010991842918,-1.242441910626665,-0.43949221833299124,0.2576181876480122,0.2415463757815084,0.5091654960413567,1
2.3895750429803386,-0.5391240349296413,1.8128506147282073,1.026616743491103,-2.4585590199596936,-0.3505860166381438,-1.832697534882401,0.8198561772809076,1
-2.897000440208409,4.0647802667699064,-0.7914224230208169,2.828498331431196,-1.4650988693752063,-1.3489487887254814,-0.9428833026037441,2.2707576424176317,0
-2.496979765269905,3.313687254747713,-1.3814347053652205,0.3173201071419385,-1.2786882398847426,-0.09774369929536406,-0.8985893627294645,-3.9091694293203365,0
-0.046717097487936066,-0.49873953130942444,0.8376167197727711,-0.6472421864747513,2.261915332317703,2.9583634569065924,-1.5530730415393472,-0.5441620041313415,1
1.0189254215074697,-0.7982736794188572,0.5337874165886105,1.1058766645361442,-2.1277574241057544,-1.0421624897593886,-0.29276122219356937,-1.8252310281392217,0
1.8665316918185648,-4.576260016881712,-7.447861768902648,2.1660567111774567,3.0360637486593864,4.966132210438549,3.218202145260854,-1.8273165270770748,1
-0.38571492683792263,0.08159465235983611,-0.629769940507233,0.5844052606830382,1.2188234613354527,0.9951962180331392,0.025862183545659168,1.8515388857600703,0
-0.9975956292150087,-1.0360347448913791,2.397677216934279,2.6496072284931294,0.6737916783154251,0.031026694975511852,-1.0969321211098557,0.7044261737690994,0
1.0625791614732056,-1.5856482064334771,-0.04910937589428066,-2.9397020335570683,-0.05478448746811648,-2.837460795602215,3.176368580285546,0.5248796956373121,1
-1.5718073160850632,6.275738171698771,-3.1672507667615064,-1.8134122620561555,-0.7757970274303448,2.2085119602039076,-2.248297662775014,-0.08397121426057708,0
1.7324018645207637,-0.07443322387160486,0.17004882350251116,3.1453073782372893,-1.931379305347387,1.4135428007585933,-2.449734513114218,1.1784540372122856,1
1.064321291789974,-1.47607883790331,3.486820342464728,-0.23496265672307426,-0.915790376266262,-1.7022900816034041,-0.5672217791138172,0.2042318215651986,1
0.42743835924082585,-0.18915721744710776,1.075565267238086,0.649521317419606,0.03682480854674797,0.6779321634277767,-1.1685330829376244,0.8368295013195249,1
-1.1414695935452408,1.372138809617521,-0.41480982103556396,-1.0649540582973853,0.4246475864556436,-1.072341081562015,0.9173251093590815,1.3619154873457902,1
-0.14205438291654326,0.4305363157621551,-1.577785239483235,3.5479287833393864,-0.7388882530299414,2.0293019412860134,-1.595326087357971,-0.5401612887896918,0
-3.218693212437908,4.266650703758549,-0.4181308342851975,0.1575985966395228,0.46047355792359057,-1.077965205755213,-0.2573119218747637,3.474923497956864,0
0.36013032965804315,1.070743933103469,-0.7093566152138822,-0.4138803275548897,-0.5879594198456191,-0.4263960934216889,0.15292099112861668,1.9152740806928321,1
-1.2033651074492864,4.677934569265697,-0.7079439352256256,-0.9298461955047067,-1.5329087909606598,0.4920642852894049,-2.220848657298236,-0.27376932459085435,0
1.2676045390873771,-1.6233347634922322,2.8928458838515345,1.149593060791318,-1.5281656657199272,-1.3666631513014809,-0.8745044210127334,-0.09309494641752569,1
2.264380676571654,-0.6494507857952018,0.08284851074608435,2.5279713360034544,-2.2964633927741147,0.6595247620390092,-1.6829853898811944,0.8549925272514776,1
-2.923277008599933,3.0397025905740445,0.22156210512117913,2.3398914620567233,-0.7387769854982746,-2.280028331579774,-0.05459285547592685,3.290691634515306,0
1.6147526743152674,-2.2040422285706938,-2.991875466250114,1.5883111369323242,-0.20660325053224327,1.865254784871675,0.8014478119290773,-2.1335304078084074,1
-0.03896899848788693,0.008107942600856677,-1.4883062244833112,1.3434755239344067,1.1526507264315957,1.938266142978423,-0.30913407253982617,1.8377112479065185,0
1.5292624641095074,-3.268827595523876,-0.9433363888544782,1.3267874392651888,2.852176743654417,4.887654258704124,-1.0092261397447946,-0.9535640983730584,1
-2.6645185830730913,4.048385377841747,1.1857072507305446,-0.32176430591564653,-1.8110174090689255,-1.3061835103625277,-1.886468478525217,-2.854703711658949,0
-0.5347634984402942,0.23307978672324492,3.08362783939368,1.7570839562353924,-3.4367658255871243,-3.1534799595189393,-1.165534320841729,-3.4165293229462983,0
1.5831903319238791,-1.1037666657592708,0.6680700730706495,1.0446301113867187,1.027378991307178,3.8325204099415213,-2.691599556129349,0.13047358003350307,1
1.2632055899330847,-0.7832618720541686,0.5183892180134353,0.25638244806486,-2.053101521106429,-1.1059979661719597,-0.09934443912487323,-1.9214697825737193,0
0.8055938796753774,-0.7716739184526579,3.2230467398290608,0.08914707138594324,-1.9333117442427792,-2.4215542999402566,-0.591651640637527,-0.4456633000457544,1
1.5911963985621222,-0.2034222843567942,0.9264475794265559,-0.06446926692399191,-1.7294775818611217,-0.992196509227821,-0.46136048624235393,0.9173273466642123,1
0.5337228940572678,-0.6576426406084207,-1.0598787573338846,-0.10293402956395936,1.421224401913136,1.6753539681370326,0.1860866073104288,1.346386806310952,0
1.0400148574620025,-0.9339687168804526,-2.4038980504865,0.8910958008389138,2.1490827361837845,4.979673249076258,-1.3210421203627227,-0.283698536435802,0
0.21013924167839304,-0.7631755523907292,0.718209995577823,-0.927915218709944,-0.3764764558027931,-2.2856171782242,1.5978967167319977,0.7144534476829432,1
-0.6171295710588559,0.6048354304895146,-1.2990130738643761,3.8797302954079442,-1.1271208654930112,-0.19157376380513516,-0.29247821998897816,1.8890602704261605,0
-1.0062344502491614,-0.975553761215305,3.038140264797633,1.8981970808399162,1.1735113264465353,-0.4837258564022761,-0.777822344451853,2.3754665958180876,0
0.6763473275185806,-0.2692974003144534,3.2018056268578468,-0.9159231897499003,-1.9026277681489216,-3.019670085281709,-0.15027325204686426,0.05479096588452581,1
-0.8217630039462257,1.2464024297856604,-1.6577818279663608,0.38279994904535897,1.7417735618971586,3.4068830675311137,-1.422969246020279,-0.15644462290690275,0
-1.2504159502171461,2.65611856218212,2.539681459918715,1.7978993428760295,-3.929292921277498,-2.174372575175615,-2.7126094343856644,-3.491350391951267,0
-1.746783875904752,1.5129515674124234,-1.7047566975442758,-0.39985396751439184,0.7589832378920318,0.30729303572751404,0.6136053863326774,-0.9535948333233798,0
-0.2533228270477129,2.468006801375061,-0.3408594053706837,-2.181940654837537,-0.7466712207800055,-0.3273359288272746,-0.4897919609606475,-0.1355555672702612,0
2.0246838088526844,-2.798392291317009,0.3250912933617962,-0.8986619189571363,2.9790096326277826,3.9658553887590484,-0.8707790675065489,0.7059766312126601,0
-0.7712125836685098,2.1199323465858204,-2.990258187931545,2.3234341626249093,0.37621127241996977,3.524686548441865,-1.8977675514047077,0.2011488054559476,0
0.7540943479066581,-0.8337948610161087,0.8038638384393288,-2.451982947910159,-1.6029725228206253,-4.161331155563128,2.695232358999158,-0.39583733201449434,1
-1.3275967357511864,2.3338192623586007,-3.6453279860362158,-0.5711168268863667,0.7104441874043932,1.6335309225302093,0.416969689798689,-0.8074325119599957,0
-4.459850649621844,6.980343333183221,-2.550477500064794,-1.592302032111475,-0.3111075027751167,0.501112149538051,-1.3297927923562831,-2.576906907518932,0
0.7669663692981328,-2.081079462790945,0.6505626311426624,0.9573856004985651,1.1406959909734593,-0.3214064775880036,0.999304219270688,3.4436750389474735,0
0.6273788562297995,-2.1250786662558014,-3.4376846423677923,3.7059403323120446,3.1462781245321287,6.612521641717792,-1.4746331420336658,-0.1483269385158691,1
0.18448826678337849,2.472779961236621,-3.975959258180297,-1.8033030035973243,0.8696041022701861,2.310625002520523,0.24506497358877977,1.7472178480340355,0
1.6961765125199124,-2.801615984484521,0.10724774150032568,0.6076507836962672,1.639845727776669,3.447509062900379,-1.1135372364810987,-1.4949849656336331,1
-0.6212357790226718,0.0419997397272687,0.7965327703994356,3.3054797765354347,-0.47174816180977674,0.013721837719362098,-1.1231784427878448,1.6114769765797212,0
-0.5405287939049608,-2.0175190281071305,1.300817991883005,0.9491835361883993,3.8614747705120047,4.595171427771078,-2.0518374780860094,-1.1989107014429619,1
0.12758299212659296,-0.8461623727082133,2.5802333202819963,0.9564082592474158,-0.31705847666926246,-0.7095246952594937,-0.9217312229544514,0.43048343471988526,1
-0.8043466162773194,2.6103722296250624,1.2993195229344026,0.3649226398358407,-2.8027934900036726,-1.523842806569468,-1.7983027677498753,-2.001741583543347,1
-0.2986652370903864,0.853385829107552,-0.9525770774538578,0.22502456576441787,0.9474433756971397,1.4771522181321672,-0.5171716719985167,1.5651819774735267,0
-1.6421189580589077,0.1961947269307428,0.32195299926817733,1.05811628028481,2.232950520281671,1.2526840898256666,-0.383673820950017,1.680176144885289,0
1.9874018114040675,-1.6755693044376425,1.0096829764432558,2.463892686224141,-0.009765962792678495,3.7205309839619765,-3.2382002578728293,-0.9131253922107478,1
-0.09352772662130171,0.895262093442228,0.6801051035240198,0.41211944629739117,0.1176321621598424,0.6217015280606745,-1.2167536794445948,1.6962679770042703,1
1.7940000698674934,-0.8362310571313806,0.5500114911754175,2.4052849436327763,0.4517315533827694,4.450684985092709,-3.633902465120983,0.4239863159263777,1
-0.027592175838899058,1.8958079349105672,-1.1765422899685376,2.0457197891727557,-0.06906450872185355,2.4580882103217827,-2.2179778065618496,2.4352739066240954,1
1.2782218969281534,1.5371844630230458,3.6337156085182585,-1.327842826468312,-1.282412913315726,0.8088275637485206,-3.7460228636810817,0.33682522409600124,1
-0.7445344596786596,3.0862852954124977,0.43376280023878167,-0.8987408628726481,-1.6418824144052524,-0.5231681357873887,-1.5735289217172297,-0.8025595852621368,0
-0.7415348055874353,2.2984238819886413,-2.1919023118869294,-0.9141575427125421,-0.28651202719694635,0.9234062606639694,-0.27108265297792056,-1.2764271138013101,0
3.0386934919569,-2.3453183873846974,1.3219764906565972,-0.4351836157086255,-2.515885460507681,-2.292773423349469,0.7964256080536543,-0.057532811419967134,1
-1.5098352102244146,1.6084316508445262,-0.24464413246022743,0.7628033967969562,0.6030644364441262,-0.03318179993629351,-0.2371732330407783,2.0985258153054778,0
1.187209556465585,0.013778660402504734,0.7353714675483838,0.7549331663549342,1.569794366083637,4.656012317333796,-3.5062143493830367,1.2507118178736834,1
0.7484408455923566,2.609661843106558,-3.6376251793095493,-2.249408666339616,0.22966141574020438,2.085495534802686,-0.057290971689825665,1.590701707982178,0
1.3330404146888997,-1.44318615812824,-1.7310494996837542,-0.4179309886288618,1.7944056830319863,3.299240276389621,-0.20554934991982665,-0.38273104235967836,1
-2.5983918165089763,2.5345892537785137,0.6423775788168171,1.2176195389041775,0.7156303490667344,0.002881104443627354,-1.1269042892255736,1.8320374651738809,0
0.272442318959913,-2.355698892165125,-4.074305297267065,0.9875177297319959,2.7989573393957996,3.695727416072554,1.4715763520830887,-1.5410217848798382,1
-0.22699034157526254,-0.671528733028889,-0.856942154947093,1.7657526252265991,2.0196891655461706,2.5306483608473025,-0.5693356492503201,2.01471746919457,1
1.0666520561639898,-0.6338791817229587,2.3729982603770865,-0.6693073454062226,-1.6565510158630206,-2.3316740914576215,0.006137863296593826,0.2339410571090429,1
0.4710384561310178,1.199562966485122,1.2741669669252174,1.5768252224682051,-2.02541674507788,0.6835749580625139,-2.8234234692883984,-1.0825892294557606,1
-0.3130838902693759,1.479556605681627,-2.3235369031710977,-1.2556070649835518,2.4408000514448256,3.7702248056778007,-0.8868416326350086,1.0901640675516737,0
0.48875362290885493,-0.16516012692232462,-0.4228705332025745,0.9222110123738197,0.3399150454360834,1.166359013710805,-0.5777306388983293,1.4220736016561424,0
0.8459882330975238,-1.882470888788724,-1.195418343513634,0.9277283051680193,1.9686844868746483,3.6444113528849456,-0.7236291302860027,-1.0083034598358678,1
2.792833683480252,-0.39437327925149457,2.2871892072627626,2.617594707682061,-2.999647886448797,0.6593132024435145,-3.4030916786131384,1.2072492725822794,1
3.862416048415566,-4.7587749790413305,-1.4619120072508172,4.230925109442218,1.2111699898543857,6.301554788424655,-2.381862237587762,-0.661456592160155,1
0.5716772453424115,-0.5265516653335368,-0.9556284253041057,-0.5431082182616045,2.802062262787029,4.4212706169132785,-1.4121703609420955,0.33749445836135294,0
1.9739503898188242,-1.699739989114192,0.997600660348787,-0.31728768094431414,1.0739408391912888,3.108111998172466,-1.9085754540024502,-0.5028144121956364,1
-0.36364704076250653,-3.2033425938412616,-2.090237369555835,2.6523964022308095,3.3713912396235584,4.571418808455831,-0.032933071957094495,-2.7226070060916943,1
-0.6474708342123503,-0.9632653357517819,1.0780256032526845,2.022223512665602,0.3740178190381326,-2.00975945233796,1.2003557033973564,3.9117560575797334,0
2.030948628605476,-0.6071437168387764,-0.1014574023072905,-0.9133241607808298,-1.1335187810169243,-0.8153975267079889,0.5215619040078816,1.618455941342855,1
-1.0673866435528954,0.35049836597997786,2.4912986339889853,0.47617685913243346,-0.3548431912124663,-1.6562154486941267,-0.508836824436545,0.3571861246035406,1
1.5302470155474217,-0.6887882762899327,1.4933184168146252,3.763537748600184,-2.008811102133557,0.7174072785820542,-2.572657185381596,1.2184580545833055,1
-0.11752922296668833,3.4506851642092715,-1.0928482896061023,-2.3510550208637486,-0.6754335126200565,0.5277908306794727,-1.0234435331713931,0.8925663602896194,0
-1.1722255446055043,0.7088787099570231,0.4605807335749892,1.524232865450398,0.12425896210387177,-0.5231264403019039,-0.25206278393740456,1.6589524368328998,0
0.9712059980387429,0.10938992891519195,0.6299400913040942,-0.2939078526507809,-1.6566205986631264,-0.8143163769958486,-0.47267902017274854,-0.8394903539686915,0
-3.104087372448727,6.246633091659485,-3.8083564076670076,-0.3529479818390189,1.4619263021578104,4.350735908549348,-2.728453841902536,0.23386771582088617,0
-4.001253208935006,4.485138096490943,-4.948892090382566,-1.4960760118722696,2.339133523441593,1.744293213976355,1.1722337385618666,-0.7819357222215639,0
0.916401046804283,1.4029574653351875,1.0265496825626426,0.006998521750692044,-2.5452946168975625,-1.622537056156346,-0.975336919732026,1.1969997896574802,1
2.0344902930358923,-0.24847254028759913,-3.177892872711305,1.8807073261151703,-0.3568281374161191,3.4935555259985054,-1.1874248958544564,0.6598176690544606,1
-1.2840857118330682,1.3574063992097787,-1.0855120907908815,1.3975166890663533,1.4315414649542706,2.0864535914341205,-1.029492291078297,1.7421303617982546,0
-0.9179834713211537,1.8510089826514506,-0.355068879975019,2.9436208695503137,0.7166490842029933,2.9189372735592904,-2.809938984321124,2.5654058901490258,1
0.2799812044950246,0.3453327875617198,0.37885384762235297,1.9395262363518078,-1.0118714500024888,0.27523128338401437,-1.2622109837807098,0.8616992668814694,1
0.8628698252409182,0.467942226808074,-0.4785456761249829,1.9851748246402776,-0.340932182262095,1.957969024223005,-1.8359180781368274,1.9858748898485532,1
0.8518058701966449,-2.197596523249987,2.9977308884267853,-0.15001027549927914,-0.9010447556282403,-2.5201135274765947,0.6238385229592469,-0.48396772493039975,1
-1.2440553098752472,4.304124105148344,-1.3045945483440224,-0.3178362232630588,-2.15593985655933,0.7267174462788063,-2.2674735742250576,-2.921489250070487,0
1.242570278883552,-3.4025734763279005,1.0743942081243425,0.7134812124941348,4.050950083485096,5.75367351028625,-2.22234213822661,-0.691076947966085,1
-1.952180195083687,4.964881618423225,-1.0443792194151804,-2.179719114324218,-1.0964496888198887,0.09785756910900158,-1.458749051748078,-1.765219312667953,0
0.389043432875088,-1.1015019300878381,3.3254492473454906,1.427872165941026,-1.0445455072219225,-1.3391120948987456,-1.1576661509888773,0.28913720179876756,1
1.9007504101896195,-3.3273494891506457,-0.5516312735593818,1.4367398262207625,2.6705320316535293,5.157499911466682,-1.527941444881947,-0.8007968705086511,1
-1.0936843084440062,0.4613430030722756,1.933191170584585,2.49882462163296,-1.439420998560839,-3.434127467942672,0.4368010541873324,3.4479291815725293,0
1.4040162731333035,-1.7096349666752992,-2.655552372804461,0.5061968430392383,-0.20302386787991966,1.31671882184291,0.9945430337189511,-2.1874101079687165,1
-1.806431280999216,3.8710409170920768,-4.246271104440641,-0.4284132807702524,0.3854117771482073,2.173626555013291,-0.3702432768101257,-0.6650915993836037,0
1.143537423683366,0.5028388368932988,2.626572154342333,0.4792296420294131,-3.793215467463159,-2.0529596356463657,-1.8644050104824461,-2.608486706380537,0
1.0054823950745346,1.4792522763677933,1.8861572808236002,0.8019500354151301,-3.6671999665636648,-1.3664569690958281,-2.3071626964134238,-1.228581747312845,0
-2.907615364773751,4.682227009740113,-0.5629820412391772,1.2956303925005817,-0.3857629872004191,-0.13145406383215222,-1.5862718774610838,2.5779663141108875,0
1.1116891944821625,0.7948355466578687,-0.6569574885005542,-0.594362366862023,-1.4899573541686375,0.3165708119196306,-0.7389872721700728,-0.972983771278928,0
1.3971614074458298,-2.9838718822098573,-1.837348309577449,2.2009509198408215,1.083091340454114,3.3355111205811,-0.25745851696215827,-2.264981952123864,1
-2.0606017762789937,2.513321909024291,0.038553004290599935,0.10639699941556624,1.1259075597963062,0.7074361754126336,-0.9964669109693549,1.7661221688054922,0
-0.834458860326618,0.5802743927893155,0.5893869341676552,-1.431064965413065,-0.018257065660475802,-1.365209914893702,0.6932829355034749,-0.8771106178176801,0
-1.3001427177234062,-3.9278339143234335,-5.098581522717234,3.0720579605412164,4.296351484628749,4.35616098151433,2.5381760759398544,-3.6690563956735636,1
-0.45696171599190527,2.8505498644209464,0.4527438998341051,-0.5923697563089991,-1.6620478752024472,-0.48031504234724853,-1.5830737794703622,-0.10750860647474891,0
0.48607860030522776,1.1148428427397359,-0.6633208055240085,1.1187633965524495,-1.7699202844811386,0.6244293685050258,-1.4309853811672644,-1.1554726886710847,1
-2.166168304191649,3.3623438351252597,0.23739385200011998,0.14399032451053406,-1.9981681599695698,-0.8643157736394884,-1.56846295494693,-3.713010159800384,0
2.0219582164470005,-2.974626892790201,-1.9272847086213636,-0.25707677574745125,1.3171084475771042,2.5910144007552898,0.7887331483006228,-1.7510787343834207,1
-0.8770800588545657,1.4231510171105344,0.5127894022528432,1.6230022031246834,-2.7547759963287213,-1.3521356188455829,-1.1741500058941683,-3.3905233243256623,0
-1.677293990337475,3.088953513033346,-2.527385975545523,-0.1902805587838996,1.6388865389594311,3.5270858483277343,-1.641066616805731,-0.08512417474737632,0
-2.985291486236128,3.819154873582664,-0.9987674602891268,-1.4839864115676158,0.08065288814246063,-0.34626572962726176,-0.2815714002274954,-2.054121409027668,0
-1.191253175653007,-0.15422720089160913,0.304534194051455,0.4039498755774761,1.8674844566247732,0.5936071029939373,0.19065562873075992,1.391567036768067,1
-3.8924910150162977,5.024927176601441,0.47333328668897545,0.06705338152671647,-2.0665019697573275,-1.5102170858132706,-1.8138169891327185,-4.4474633540316155,0
0.10146883020514252,1.3323553141993472,-2.4643451056665664,0.9968573771488002,0.6062158778609064,2.6876987956404927,-1.0009985722870554,1.5748933168204462,0
0.4468453100684344,0.728396418478976,-0.7168417711322145,0.16114082747335823,-0.25604017303648274,1.5805879949471726,-1.2188416394826842,-0.540885423684687,1
-3.363899253719306,5.6999265270533925,1.0341572854496848,0.8612837024393689,-3.06183042624311,-1.2318835293812351,-3.154204039984483,-3.673628791592387,0
3.03811612778215,-2.196776654625243,1.3174292807369077,1.2957901946975343,-3.4849881360490103,-2.125738541028024,-0.034333133701942575,-0.5796917110615574,1
0.41289639633975606,4.859426707741977,-1.9618012110811252,-3.291871832787375,-1.601879813420875,1.5211085283037817,-2.0945553687221046,-0.5191116177978521,0
3.110498937627762,-3.540669206931027,-0.443653877264619,2.34309112697463,-1.166245969593001,2.058843942201939,-0.8985494331445438,-2.5911915223922577,1
-1.8496555857442327,4.861453471899455,-2.464218772781793,-2.299171868358356,0.09529331751426873,0.9648823551939016,-0.7241411921192575,0.24986914819114725,0
-3.162590936615936,3.5580514659266185,1.1963499681682008,1.8231267230409571,-0.8528180027120489,-2.8878945544277927,-0.32493937700309206,3.84921173425162,0
-1.272097169755941,1.1183357097486506,1.1106077404225596,1.7962044907009067,-0.5396767332137495,-1.1606631115298045,-0.6117941338074,1.8337558464711132,0
-3.8429158012401894,4.788503393148328,-0.08280912821277353,0.6563736187408058,-1.1060788036295262,-0.5375792991059811,-1.8155975207982236,-2.727199066190008,0
-0.20353677654816638,3.4011735253613615,-1.5515688647142127,0.23197293079179526,-1.8134216045361289,1.0657720015985894,-1.9871540590952521,-0.3961758818548936,0
1.5198128085065872,-1.3585989119898902,-1.6536385008852894,2.0348791026584965,0.15942540399241656,3.201873415880046,-1.2411750589079864,-1.0169050332248366,1
-1.4798612005738092,1.8566057771548703,-1.9332410516678342,0.19312125088160148,2.1715273920628295,3.2784505054401287,-1.1636392659641852,0.5006861786141839,0
0.8496224618016139,-0.13614552932111382,-2.490827097912355,0.23984146068397072,1.200834882773425,3.5262204725882045,-0.7535904247597549,-0.30810573905293226,0
1.1384085448540375,-0.22124592573496396,1.7950018904824825,0.6506727736542108,-1.7801114149820316,-1.1000510020019576,-0.9932316595278432,0.6132942398449114,1
-0.2874614495731497,0.6420513561777089,-1.2316441008474812,2.390047234249057,-0.9918611073373853,-1.0628590061888896,0.5847126763684696,2.920479789847368,0
-3.7290437385102013,4.988806942973647,-2.4084583163694817,0.9196744821311396,1.9258596219061264,4.145402065799178,-2.8882679113758702,-0.798777740386392,0
-1.034290021702208,0.043620649642074516,0.9666324733256589,0.23759475934700214,1.7563681807771552,0.7322060644373266,-0.4101500439763882,1.5456100444977772,1
-1.5549045679397773,2.282371172127298,2.272707821767177,0.06551989493681187,-2.206788495730934,-2.021019707866512,-1.5563024807402264,-2.6675553729181325,0
0.7849788638068684,-1.7912277595140849,-4.276407101164832,2.4895263180806784,1.2661619176186,3.722628062562263,0.4922322204118388,-1.3535744435283223,1
0.29429569720966287,-0.9416141106481047,2.074350721967618,0.8072861383940668,-1.2831195607545596,-2.257310812964657,0.21801661617821733,0.2960939216119216,1
1.8335922818631203,1.795559775023652,0.4972522574480889,2.673186105000008,-3.8038720239106745,0.872761639803142,-3.665687624541635,0.15307657172277955,1
-0.023954555757243257,2.3846497368747634,1.0248140770598595,0.34029124280976664,-2.9557033819270844,-0.40398779208456476,-2.5022845747999876,-2.7355186860215888,0
0.7292772561204421,0.25346433990992856,0.4380420303627568,1.5829156839752034,-0.68726365658298,1.034001053720021,-1.6738412676850873,1.164019616996812,1
0.9061871141419199,-1.8223610543170923,-2.6032376237729533,0.4310330485144901,0.393232180996526,1.3799018930496547,1.2315415485021104,-2.346863443947854,1
1.4913037733055812,2.4118523469405484,0.12772715203571972,-2.101939349372805,-2.4768329338998902,0.032918740850583696,-1.8145481824367868,-0.8154016010344651,0
2.366697264874949,-4.865648616643562,-1.295138152486053,1.78298631586338,2.7992087938113435,5.072210488469955,-0.45172974170225544,-1.8932510120211261,1
0.8490323412571059,0.4347398284081845,-0.28800877818231563,0.3224183248206629,1.313734921842303,3.8636452496651184,-2.488682097146473,1.092006425398325,1
4.4283903539126825,-2.100161655002266,3.411104791913477,1.6815736727024562,-4.846118727586443,-1.786123479966607,-2.2324627452762167,-0.18081660489763252,1
0.008842588999023016,-0.8278980476183294,-2.292196439866956,1.963165915437712,1.1708888368923134,3.1313525685639965,-0.5354428218302838,-1.377274354583117,1
0.5495140790446972,-0.6987760136856856,0.9906124646678217,0.9261805131758197,-1.1416621598558643,-1.163324502112284,-0.04354200291345345,0.13023092953296656,1
-1.1099605957453906,1.4527547132637717,-2.090623772099234,1.131046148061793,1.4315401040427571,3.302828662047022,-1.3911236828150857,-0.32160883255293315,0
-0.21306452994478864,0.9701513307788873,0.6213724144775938,1.1338185235748681,1.3595962814240516,3.7920108201847635,-3.239710910013838,0.5176197094063317,1
-0.8080557322246513,1.34761991591832,-2.7847303391385303,1.0651954294406494,1.114819074452495,2.856023464059112,-0.7261604822348331,0.0718894113218792,0
0.6151615472231542,-1.8350709042976343,0.8973263266743567,0.513576033320521,2.742248946493537,4.259375086696876,-2.063466540599566,-0.7346991104621234,1
2.3821289825372274,-1.4614809380897191,-1.0077274305007193,0.06227885111251685,1.3874289664681694,4.217197456372929,-1.5955562460754975,0.6682351158824351,1
0.5982321035321441,-1.0981925597338968,-1.1778996391843772,2.596975048147977,0.2073887638166364,2.794467522290704,-1.340778125949607,-1.5494502586411358,1
-0.1010672841215321,-1.8407655373118488,-2.2662172097192173,-0.7957868277418951,1.4439968088387527,0.8529097282912722,2.0808591540832118,-3.0304332360079975,1
2.389956303074646,-0.11191145287910333,-0.0499357126505231,2.9350141376682837,-2.191028306109546,1.6348913082591325,-2.5726736492650946,1.6057528323466648,1
1.1451086524589935,-1.2748276687234323,-0.12103534264897886,0.6021885577528698,0.5545952509835272,-0.2586041039006581,0.8955970054467033,3.92975084235477,0
0.8532453867047642,-1.878581527354151,-0.6587557380269968,0.761439291083492,2.0034625073108754,2.889512719192767,-0.4139557950609317,0.39864052887895063,0
1.0606488834108805,-0.03464404973934132,-0.6034932429475979,-0.218216608626985,-0.231106594737846,0.2526971736027572,0.08766179578850197,1.7322838796458107,1
4.307671650769993,-0.23384243955243936,-2.0661175890204326,-2.552694902329156,-0.9610845214445196,1.635527199737658,-0.1098210696664671,3.0527849621151573,0
0.20525482679677476,-0.7218416630384243,-1.2348119423299486,2.2933905050061467,-0.06310767689730246,2.1309448959421604,-1.0009952521012595,-2.005020825800919,1
-0.8131732211358698,1.010583735033414,-2.5467425420925616,1.301681751123815,2.2122568910003726,2.917233821231128,-0.3399631980703728,3.127982275783268,1
1.9343274385685798,0.05230450250774783,1.0667698886980692,1.4467904572960255,-2.61610870380115,-0.6902327800716321,-1.4613631400939364,1.4569265748947677,1
2.426872389742726,2.0036789977861056,2.7908126994285665,-1.5819699468314408,-3.881429845164698,-1.2243272104488907,-2.9452619173658654,0.11348140672483464,0
-1.2348180298698779,4.757615315608289,0.368404021949599,-1.383189549709626,-2.1752700154578912,-0.2938634004261387,-2.4932314257542076,-1.3685316464454864,0
-0.42647869994875265,0.8676923569651774,1.5931639395674586,-0.002653177199153922,-2.0319548325003276,-1.8339369111390758,-0.7091481507616584,-2.311693694245381,0
1.5434502195473412,-2.9252120895168825,-0.13107980220347404,0.39361782680593993,2.451432327921232,2.1173488817168398,0.49977212371276103,2.6156586029908246,0
0.8583066236739995,-1.6551639778421972,-0.08364465536499399,-1.2653044003251033,2.30345601976152,2.8025990610982503,-0.3746904796833789,-0.9356183985444099,1
-2.0552304036685562,1.089522778482893,1.8116746517290414,2.4918588996579696,0.01317830490564531,-0.09689304173305077,-1.6880477243520646,0.09626436776274072,0
1.4867391093032918,0.6900811422121127,0.55901833955129,2.43900150437626,-1.3539067470797663,1.914237463249737,-3.00465476094569,2.084178686767341,1
1.9988289614752,-3.958731986595947,-0.930263735493164,2.314719572253556,0.7114714115479668,0.6289635385368081,1.5004522838905912,1.6586388998187511,0
-1.1397820942689887,1.0962725086076497,-1.3396285463030497,-0.23973207679085595,2.990085573797871,4.406795978545962,-1.708120859404644,-0.30117455065216236,0
0.16952697341763023,-0.2090453996955965,1.2793279069444679,1.2955614346330826,0.3992488271545752,2.3925964811324185,-2.5464982455918945,-1.1795782458307937,1
0.806794546741305,-1.473674140592337,-0.7752578640435763,0.5278794189012239,2.7680891547218422,4.65540990219947,-1.5105787361246046,-0.06572801432434494,1
0.03792959471821522,2.7878620279163617,-1.6992741288459405,0.651020904970598,-2.458408993132673,1.2246191816286007,-2.139347529170295,-2.873186566575828,0
1.09049984470881,-0.009213557023321356,1.6825777299277314,-0.5587432550586697,-0.8255304349586875,-0.48952250377784406,-0.9075374376034349,1.0637383639942841,1
0.09907696664759102,2.5739125170653323,-0.6483280153541627,-0.3190463068136872,-1.8672722234189525,0.21325886162104984,-1.50555821446388,-0.6594617564188112,0
2.855264802661839,-2.9845386847977875,-2.4890165323111146,-0.6063299552288333,3.4716791506938813,6.746666585152803,-1.148656536557097,-0.616758283834989,0
0.6312003326820008,0.060617249061857496,2.140755755426115,-0.4829834093444141,-1.2585790650649764,-1.8738181185537632,-0.3146670040450348,1.1519721886893766,1
0.5905764058172982,3.742423964727868,-2.775991350435885,-1.2333648293017183,-1.944793182931945,1.7096949688961964,-1.7700064200887993,-1.026691226522001,0
1.8642678419090397,-2.3957154101938514,1.2615788054302306,2.396028891964524,0.7769827969870704,4.021375949139285,-3.003869920827538,-1.1019758544381584,1
0.7826151598522841,-0.02433798385372069,2.316934489879568,0.025311585620766852,-2.1795321576375937,-1.7782667523555205,-0.9336305286988198,-0.981251232098302,0
-1.557300144246816,4.359684564512071,-0.31429868107142866,-1.851431021418159,-1.0284942372225105,-0.1705626882756437,-1.4743285294126123,-0.6072942517238482,0
-3.5723601495037114,4.665160688907755,-1.204048206656611,2.809852267394761,-0.5981404047925081,-0.26398921842434253,-1.3794789225989745,2.181654151732994,0
0.4489450241310259,-0.7477146944073982,-0.7654544253714957,0.9982953462245352,1.08289396873809,1.9053707912655657,-0.42449359648512053,1.0029662917454478,1
1.7798639087919768,-3.3690121505152124,-2.7338108602857263,0.27474172379725303,0.7353934927919956,1.6181990561383837,1.8498956842828873,-2.7671305991382473,1
-0.44602130193565204,3.53561092567452,-0.2887910595817239,-1.298898079454578,-2.103166524950421,-0.2817603229136568,-1.6541914300480496,-1.4242982250728882,0
0.8460338109488688,-0.4924321356370569,-0.6069533665447266,2.2710890543763886,-2.249910078420942,0.1849488008379431,-0.89435154684769,-2.7703824834146094,1
-0.27549222565465825,2.6547191890230777,-3.086834762601888,-1.3461166303452854,-0.08756065247543665,1.7302371195438153,-0.36653587487821715,-0.5626687119416318,0
-1.0201190806732456,0.7005409016753696,-0.5567243501372158,1.336441211147424,1.2776307853164155,1.7099924248726888,-0.868694050534911,1.2185034515123871,0
3.7256276086545297,-2.0155711435963997,2.3594425221235955,1.8712004617522662,-3.56260557596538,-0.5631541257296105,-2.054781860752706,-0.22377809485304279,1
2.015129403118056,-2.3531204688270075,-1.8835881318025467,-0.7410801313158764,-0.23180700221256179,0.6566506446252371,1.4333582728996395,-2.3736981618680906,1
1.3000717418967418,-3.122818858748382,1.20909627327545,-1.1069641411404603,3.4499775515682503,2.6192036573100577,0.021328478513389593,1.4999950631334005,0
-2.2122727550189527,2.515260109573013,1.7597427548940745,3.1497781400208096,-2.3517793749571365,-3.124226955074238,-0.9287545790915431,2.0643719498031317,0
0.28534063687844946,4.395371841038344,-4.119412195595956,-2.959652443565396,0.4626160849242511,2.700150274682453,-0.709601728890775,2.776758358787393,0
-1.0446746807896572,1.5794239822416363,1.1648248021296368,3.4138234312735896,0.9713587916521276,2.993131659443686,-3.6137319426448364,3.0572147831850036,1
1.6144137401950562,-1.3946766163227884,-3.207829617148522,1.8804676222142658,0.9996504683366679,3.5838814858537136,-0.2216384057028743,0.8511171660169357,0
0.4868141814649355,-0.4784454468142205,-2.042217798199474,3.868061314824468,1.3124619202734644,5.372051999310163,-2.753913679621993,0.05712650126437735,1
-0.7875132851068254,3.143543530413074,-1.6616623524929621,-0.9765319849288321,-1.1827072176092241,0.24336888550767183,-0.7456160142095617,-1.0926210270072438,0
-1.1197760663970984,0.8122573472225834,-0.10652545723801854,-0.3961346504944907,1.1623821540114263,0.10326539863145183,0.2566953625861874,1.296240949158306,1
1.9362939943360944,-0.35730725689517284,0.0830211851878363,1.6966634460554597,-1.1973233994292793,1.2994507695764672,-1.698678593064559,1.5891867437099019,1
-2.001673159807944,2.0135702597398564,0.13952484688219302,1.396390402102954,0.9925208806611253,1.8374403465083402,-1.9836748579211974,0.11523828910644573,0
-3.3914995765806712,4.9042906117244875,-1.190536121914805,1.128455180032157,-0.24297449325099518,-0.47983489865971685,-0.935220425297306,2.3638321538795593,0
0.5174092170505391,-3.4751475993009815,-3.4770574351125845,2.3206396109358183,3.3686485578681657,4.9445554413677,0.6262844452155096,-1.8660195221112859,1
1.7129932523447045,-3.5205891562718747,-4.928518737791757,2.211831669036491,3.6547342408041117,6.375347567554275,0.5073747860223652,-0.21417405083254049,1
2.802278005013374,-1.4343132038648008,-2.1187376679414873,0.9225363576784318,0.006269253613319092,3.5176862608923782,-1.1224458481493216,0.12328964033608658,1
-2.3915389920442665,3.7619762452870384,0.9904553261973592,-2.3091971093834163,-0.6831510784705053,-1.539426793262388,-0.7352870932562954,-1.5321235709894188,0
0.6535005396560789,-3.166505404177703,-1.0058385608125484,1.7523819088231427,4.315612122166347,6.216789459209183,-1.4550736934386033,-0.6812453556194238,1
-2.1385240136818804,2.37157973003512,-0.03474795574549172,-0.23239718283951394,2.233833783099594,2.2471106291017553,-1.5768139134731536,1.3110834340774706,0
-0.23530841634496402,2.635329725270169,2.592076334239774,-1.0702086517462006,-3.2418085417777154,-2.0305025381565582,-2.1872887705330815,-2.6214329631366815,0
2.1083420623464084,-1.8595236076214585,0.07984867765794834,-0.22378497658471752,1.1133506256651218,3.1860457685416583,-1.3652275156167828,-0.40814916666033907,1
-0.37679427176752767,0.873024149098221,-2.164219208007887,1.3865891777132509,0.9986206527961807,2.991072306979127,-1.121206741423495,0.24991080562698997,0
-4.136823763688287,3.8506490040690053,1.0243459292517145,2.4866964422218985,-0.7586882339644601,-2.6465925618721657,-0.5543227436606906,2.2110063056857476,0
1.7748137653508511,-1.5742329951161718,-0.7591766228787299,-0.5883867836506311,2.1156990539412837,4.1028242077689505,-1.2022571119834464,0.07145210880291009,0
0.9022734632051137,-0.46949691103102514,0.3675018766018505,0.9942054102424676,-1.4396572576960214,0.39200698981095206,-1.1208677071768887,-2.126297548945282,1
1.9744422933232575,1.2028747009860368,-1.3364710426745838,0.4699828034312744,-1.4100522201026138,2.178343213217652,-2.0556738541470922,1.0188104321709903,1
0.5496005634852825,0.3043336891856046,0.2761744995396854,0.2503814284406721,-0.6662620311016032,-0.44630603829725307,-0.25471516456730603,1.5935765867907439,1
-0.681588422538925,-1.297405945230903,-0.9746083977361559,0.7323664924805856,1.5931405323934116,0.6059777110210971,1.1870522636220993,-0.21051565758883406,1
0.4215308013484582,-0.8058919309743992,-0.7621878441377699,2.828817957202821,0.7026626107096237,3.609287753959499,-2.142306385419194,-0.9889486492899673,1
2.249400750113492,0.014237777654527984,-0.38899617692341515,-2.062336768088709,-2.8701340745269768,-1.8524728414205125,0.6599479898518286,-1.6730689933485963,1
-0.6184554511536988,0.6104344366401757,0.11388359480008348,1.4295735662549358,1.2694930280134473,2.297964153234895,-1.7117300194939444,1.3481267021632384,1
-1.1212964059920218,1.1791054971858266,-1.4786534405875416,4.604960150894145,-1.7489702096769815,-0.7792972717650218,-0.29763810807821633,1.796594912250792,0
-0.33863255659620817,4.988254508956602,-1.3838969029877675,-1.4347195988468744,-1.607179810275272,1.2193813628754189,-2.480835318685913,0.7928018596429331,0
1.3669305393494056,-0.578911577265404,1.0643702959957875,1.3897940544138765,-1.456840048643897,-0.25299734621922026,-1.0499098440639885,0.98758798126541,1
-0.31791134082816064,1.1394194393475543,0.36674610918309036,0.5781038090740436,2.4505065335695613,4.820227634261192,-3.4053814743662687,1.3031348801890754,1
-0.049649425527374724,-0.591661998285867,-0.26904009421269626,1.3326755681284697,1.365937207673182,2.4899978728705303,-1.1468033573011058,0.10345046964249516,0
0.8509176172234365,-0.3116362582737564,2.0073537744975525,1.2196558441407581,-1.484349421469199,-0.6283242909960642,-1.395796090249542,0.4075272708733644,1
-1.2665889826337127,0.7099703278527246,-0.07003164843628396,1.7457777889395913,-1.0583702131419765,-0.6851084338867744,-0.35901041116474874,-1.9331296360649037,0
-0.9174968238433012,1.7108296827379976,-2.668485413160371,2.8127788546428416,0.46732551207125994,3.3372356895372324,-1.8128484705045342,0.1909354491826457,0
1.2048955955708778,-1.6118801913475118,1.9012270937558302,-0.3068917176481507,0.2805110799381171,1.4723784636559905,-1.5352187267233108,-2.137055801808751,1
-2.0428300534795776,2.6687964352021383,-2.1773073371997844,3.098088849300979,-0.3818980053408585,0.6459178328369861,-0.7438285044505526,1.711010271699008,0
0.18502330479876228,0.35280505745646784,0.742419046272382,-1.7736372026808227,-0.39960114483294695,-1.8022182324251834,0.8955275529736293,0.9855957037058345,1
0.16909333966572593,2.0780265774651125,1.9544764507226633,-0.35619284904182824,-3.2603411352440674,-2.0507345457040898,-1.6948954610154519,-1.6215304104213581,0
2.2354327276993686,-1.0835070174765333,1.5735676197153499,3.0514419241058244,-1.6351428593444264,1.6049676200611058,-2.9219434128636,1.005221690453989,1
2.3647985003750245,-2.189183480066587,2.838867288258009,0.5304198370928139,-2.7258339339483095,-2.3040763084784777,-0.3576709854687832,-0.9379342990629638,1
0.9335411114390353,-0.7318274966583871,-1.264572738545532,-1.2609980301201507,1.1198051499296862,1.9124142633302632,0.16134648084526737,-0.7642543860647872,1
-0.41594292933267185,0.6886304876461896,-0.24782365296877562,0.02226002667354443,1.8026105117562734,2.9618395409413316,-1.633572165797418,0.48095111480627084,0
1.4956817708815666,1.2730684506519068,-1.0284589234936137,2.8694291627002677,-1.5338230120002119,2.368658070798827,-2.770998775130643,2.537398704352917,1
-0.8244044259267875,1.1007932222926982,-1.3602094497856905,0.29984868435416867,1.5270708509595832,2.041104980813656,-0.5589874789633589,1.3319334038688464,0
0.07559347736728261,2.7713755816049424,-0.16678565635442955,-1.9846681856114574,-0.9709711803937298,-0.3133369977513207,-0.8415281332122115,1.2082750215257168,0
0.42037195815318396,0.8411119364454555,-0.6463036109926589,3.2274005007367754,-1.6688065596001938,1.9190027380792014,-2.581493990581037,-0.9818001594217339,1
0.6398455462071231,0.19401150017778904,-2.345140177138326,1.37751523097491,1.0625306582961553,3.655300666873811,-1.2667144071099559,0.8366331332181058,0
-2.482559728538603,4.1568493193291625,-1.2487866235260658,2.54044159623578,-0.1326566167289298,2.4628216500248676,-3.0746251548299,0.3489138388778549,0
0.6859444579600095,0.07340551377101384,-1.0616405507635958,1.5367809452155257,-0.052473586919429605,1.389505393215736,-0.7158626868596174,1.7861979922599218,1
-0.15293222560770858,0.19470438112949695,1.2478735531711416,0.2659071026641693,0.7847110452836616,0.515488448571155,-0.9002748283525674,2.066670965362043,1
2.781963607319865,-1.0145607104000245,2.3618798935661935,3.398571768308831,-3.892719598055519,-0.5750861870388271,-2.7457042440530275,0.3504978409544447,1
1.8503339282652056,1.5739015245232435,-1.302835269896204,-1.36284542937737,-1.3981907731574237,0.7889890698625103,-0.8805310295830564,1.43922012849201,0
-0.7066763692287019,-0.7330056778246277,1.953038437257653,-2.4187789869941794,0.019278107875474237,-3.529791406025613,2.20671186500405,-0.6436730205881904,1
-1.7227281335845959,0.4415507865824111,2.397238588826929,-1.1171801434331168,0.9051929900840092,-2.0451481732526857,0.5825481763772133,0.9020304332174558,1
1.6063343353962871,-2.3165447091668785,-0.8879449718522545,-0.956308912769942,2.597344998039894,3.4029993167243813,-0.04596538681536555,0.12689225347402688,0
-2.332432944407408,4.416295080149809,-2.2811924611823082,-0.9620461774566917,0.23865761798460206,0.9713249613053405,-0.7789986291294955,0.13421071837399068,1
2.827812477067153,-0.5861840768387899,-0.4012768801584131,0.5516091120755536,-0.3082292253169723,3.3943311830655514,-2.440874390755955,1.0193764499837257,1
-4.520455040229217,6.079451166023845,-1.0145983637575766,2.4534236901496733,-0.7172084742474945,0.6710434614225839,-2.738741760042932,-0.27309818603397806,0
0.7601662666414375,0.4973388397485324,0.8123545406829973,-0.8104724160598795,-1.9313737001349038,-2.2947506547454593,0.3853396366953461,0.5923530881033918,1
1.0060300161623223,-0.24724321845835015,2.4819788697122425,3.555807856451142,-1.5262661368174195,0.9810414302185596,-3.2810285834632507,1.4118144844608929,1
-2.3074998948740015,3.505029464135894,-2.322724992401178,1.8794683383233282,-0.21078894913861945,0.41527102762456036,-0.5487387054479855,1.976836090052981,0
0.1615883690007769,-0.537623925592521,-0.9915383130860526,-0.5267995981535598,3.244295904240777,4.836234023689159,-1.5160793472395802,-0.3521816242062328,0
-3.847608467388814,3.514168373439274,1.2486918994394678,1.23110041676918,0.8469731804135332,-1.1550679655271758,-0.8684297695489228,2.8484536462054324,0
0.4168559741762914,-0.9998836473058721,-3.1247361582113484,2.0984774784192024,2.0264569922354116,4.518746932070521,-0.7134981642989351,-0.2037424152703149,1
-3.8504786334160443,6.032812905381886,-3.4443491456192943,1.9963596556443932,-0.4220953602427622,1.2655400342295573,-1.5705694326675812,0.6958944775703679,0
-2.441652848877103,2.932276386347252,-1.2256174279567786,-1.5924107553405402,0.5310829409372224,-0.1625714583537146,0.23950915613090173,-1.4536519593979929,0
2.0698917233224003,-2.0663430368385947,1.0566600019634924,1.1253594603297479,-1.18431241475361,1.1228573952545742,-1.4319903475423386,-2.4366124486310743,1
-1.7345964668597564,1.60259718856912,-0.38652946342318917,0.0179358611720164,-0.1672423220935706,-0.831270497681122,0.23384199962403351,-0.7822317571499151,0
2.83185144212311,-2.9073896006733015,-1.9482372923363007,3.2495959823546374,-0.8796674078176823,3.061815921775598,-1.0157599316980952,-1.7503041340028844,1
-0.09001510993865525,-0.655612298861084,-0.5148929041957282,-1.4943667657943775,1.9509386342325974,1.8005706598762625,0.182984202881038,-1.251164812983263,1
-3.7023708779388476,4.267519500844301,-0.3195882426565281,0.22291618190815554,-1.1570195474349354,-0.9100489833645231,-1.161254196120458,-3.6363006125895665,0
1.9644841620677673,-0.9840443913850773,-0.08500485862877949,1.4400223791575575,-1.2268193370241296,0.6313922249830316,-0.8269527467066635,0.9825420142119011,1
0.4282904791973544,-2.624911336376949,0.4883579791781987,1.8378051039148713,2.5600984447805892,4.20575213371889,-1.7396126143740949,-1.734938140982347,1
-2.4806459457134813,4.452104060887488,-0.6487319877236868,-0.41323837753185155,-0.07627423351835061,-0.9588742337330554,-0.4514346575953374,3.430370806649941,0
-0.1267760252917669,0.8761384014425984,-0.7758511022472447,-2.265159531569089,0.09364886103535086,-0.20502012362003252,0.6320977012413551,-1.148246979169802,1
-2.092438122951651,2.077332736790285,-1.5170069785204174,0.9824094096878357,1.2889335716100818,2.2245869294457323,-1.1478173559356566,-0.587043992771151,0
-3.0907720109063934,3.9401917834373554,-0.8702476207493757,-1.026590306032103,0.056480173134751066,-0.2592286792688637,-0.5384257094465099,-1.6488785673889335,0
1.2775900870403663,-0.7719827953373222,-3.1873180548707314,2.2898964978824807,0.7545398178228945,4.08909086837358,-1.0144858951994078,0.07520049177687693,1
-0.7426201391077838,4.869840460453092,-0.42822690710224265,-1.6559883912339035,-2.5241969590015714,-0.12427473971522031,-2.3194525221606463,-1.4649779753942866,0
-3.689464838197158,4.608954162230784,-1.5722301758749055,1.8670366530056168,0.0046936663972778625,-0.059882538568288395,-0.9142863250821711,1.7830262329954518,0
-1.0203071111165247,-0.01793898222938224,1.3183932408439203,0.24809971431582367,0.013742980290466722,-1.9881817393424346,0.7693784550543696,1.0357398856010833,1
1.7072444948646033,-1.1103198679107016,-1.8363742677002426,-0.8090540702013287,0.01238434911510744,0.48674679168435764,1.2027290262308412,0.6129025522586206,1
-3.7243577451928274,3.5641791278761503,-1.7421101219515487,-0.8731650624483359,0.334367512279345,-0.6070194409471632,0.4947165829848146,-2.8627922233172356,0
-3.5750365412690264,3.204528187649502,2.2290500168283294,2.31056389153287,-0.5574591868094791,-2.76415766516787,-0.831532369566825,3.2352262646712187,0
2.9920954244248414,-0.8631607103586273,1.6077536359642866,-0.07228805062879506,-3.180461296404921,-1.5867303371741714,-0.8057701660174936,0.3389617376235924,1
2.218396076817555,-3.3186682873992286,5.466088942315599,-0.5406205833718978,-2.4113146047387573,-3.992961355463403,0.10459659732069904,-1.1828125099327398,1
2.0528503182821582,0.4467486985821549,-1.6698364420448142,1.0871412387836996,-0.7409738168519726,2.9842207824213505,-1.9999685519890047,1.024823935533406,1
-1.1743320966106623,0.6130782314944647,1.3917219405916321,-0.022023478870627278,0.878068206889842,-0.2645664507757697,-0.43945564487510125,1.1304725835768317,1
2.203348560554067,-3.4130348623184203,0.015420227456371727,-1.769196912532439,4.58484135396176,6.302695515405642,-1.4784437533766628,-0.7785892236024636,0
0.2583807916206733,-1.316481948145129,-0.49856187380689554,-2.075773948072369,3.143312088081079,2.879030461791432,0.16523206677559332,-0.7421385785476642,1
-1.9989731057200855,2.4763224392925305,-1.4565146158756344,-0.9420906741626687,0.4918757772486251,-0.22647481038977718,0.4876278833901351,-0.13135231355112853,0
-3.219776408374054,2.214912740359278,-2.6153612446368486,0.3604793795560821,0.6531186925141041,-0.10555320768975278,1.0875506093507794,-2.5514384692887715,0
-1.4647854042396946,1.1199308700092832,1.4141281360906306,1.4754138626728195,-2.5607229396979427,-2.1590770772320056,-0.8535331142662305,-3.9640022753445283,0
-1.183044273690018,1.3190411923432752,-0.9012550792730776,2.10729423484145,1.4612876825550183,2.522197334244681,-1.5448970186795883,2.331671003246132,1
-0.4592601089186147,0.06456929387746789,-0.14323630655958075,1.077317261316241,0.9173363374968568,0.31749337669874206,0.08060825629217172,2.690155026614069,0
-1.5117345598296192,0.9881319561500068,0.8075274810420892,-0.46160884793635737,2.024647091002608,1.125512493540884,-0.757599056253542,1.276482100050023,0
0.522504975092901,-1.2531532832930825,-0.4498513389948424,2.6130346542057348,-0.02066324377514217,0.17349497989041252,0.23785261931719437,2.2595692164211965,0
-2.633971106017545,4.484497265097372,-2.840123175044452,2.6631974153634843,-0.05331127045817974,2.9803959153072253,-2.6398034442111125,-0.0660759098990702,0
3.066856257046363,-1.9465479392231237,0.7598767823172036,2.1886347188813495,-2.3846914768023257,0.0813587920172884,-1.157909231466513,0.7586618805958766,1
-0.5351792849610499,0.2148622146984104,0.01228468938201066,0.2965565861633217,1.2322285485933224,0.9692315812047094,-0.3373481198561029,1.3961730904782546,1
-0.16126127244821387,1.730448618141492,-2.055226442694683,-2.9267246198068966,1.4207604843394837,0.8477842206019762,0.918300925033559,1.969621314456826,0
-0.13083648652261304,1.3070509597497868,-1.135993677880672,1.1511414273684504,-0.10557845285121525,0.8577485211057564,-0.6726657518339794,2.3224888278441016,1
2.4250100632373766,-1.2384263214279154,1.9694954450668918,-0.5174822290880876,-2.014516203629587,-1.4843204541227895,-0.38779076326235273,0.5920556847754497,1
0.35371646575256155,-0.28737786481864963,1.1031906462140406,0.9465973515318746,-1.1532458772171355,-1.1090465059878598,-0.3089248713727313,0.3691409344679276,1
-0.4750000583994979,0.4768297158919374,-1.230556662976314,-0.18623560925989235,-0.6925723591399187,-0.30660534558255503,0.5168481760082064,-2.4929868115183007,0
0.7528654532447544,0.08212865352566227,0.17539685925104254,0.18986582802743712,-0.581161698725229,-0.2107591355862811,-0.25521415376903633,1.4485852733210174,1
2.513125204038502,0.5661531468425499,0.707899546221602,-0.34308177603850964,-2.6211231179483914,0.3282256833725665,-2.0126240578813297,-0.19043280377524452,1
-2.1724824753266536,2.9142508837460377,-1.1098342088701334,1.6559566650611377,0.4704363283898818,1.4003559672892256,-1.4940107806594625,1.1124416318842199,0
0.0183605993746645,2.7282823216568626,-4.070658104364901,-1.917838836255934,1.1047659999081034,2.4876182170081855,0.188394371708281,2.0610724582274242,0
-0.3324910752674777,1.078265770949198,-2.433183241048176,1.0225833314564183,1.096533131819005,3.126452910041447,-1.054114361815649,0.36216308442903544,0
-0.9207976704535222,1.4666701991367446,-2.303169006062951,1.015911356152911,1.6785788708100067,3.9513884607671197,-1.657323189928809,-0.31276286243118756,0
-0.833129232859274,1.7363334249547384,-0.27233271780859647,1.0227696557090762,-1.9429977947262773,-0.8574303415446918,-0.7794615147988746,-1.7784034608440238,0
1.6527897289114393,-0.5744174478347666,0.18077756318206173,0.6779698115284811,-0.6235459255510363,0.6169054747068495,-0.7565495021944817,1.8171645064816195,1
-0.8815062366584199,2.5440645423500627,-3.0930950048324024,0.8275906192614672,1.4822542858863743,5.004043587275378,-2.4720445601624297,-0.6697149108020777,0
-0.5173729374668123,1.3024892107521773,-2.524528805154337,0.4413932718285851,1.6929863715135878,3.418911229134408,-0.9729282800593455,0.7940926653239613,0
-0.26166543439526113,1.2708273071455511,-0.8734172808916916,1.6490944772752558,1.076985683478957,2.6008650128541677,-1.7237845619462324,3.103647168654325,1
1.2573646192514816,-2.721744924813971,-4.133118661642921,1.6007903208918544,1.7542850555968124,3.6229419889673307,1.1503778565388134,-1.571113401379012,1
1.062714445449743,1.1159466999766545,-0.7505222269688601,2.8114665250818733,0.22030373345964605,4.182346669874562,-3.516907227745808,2.9448011415295983,1
-1.7451489626331558,3.394094557548224,1.6246415724043102,1.460418532655111,-3.4962058579594784,-1.3569908349197235,-2.844374368352341,-4.105795382359261,0
0.5267080870913512,-3.310917386401567,-2.0877185705089807,2.61444546631648,5.150908403359671,7.560565191994629,-1.5591839539932923,-0.08008197403321105,1
-1.655265879460626,3.0992502629600405,3.4127340488166977,-1.0667625800182396,-3.1688277141107046,-3.074979667302481,-1.9783227263591525,-3.79487803726458,0
-2.0805451599862606,2.181525724544762,-0.526430117252321,1.4318944955980228,0.8038200076121037,0.8157778102031589,-0.9381374815098616,1.611693418726071,0
0.4991985711432183,-0.8158071129201633,-1.051999494089076,0.6563278532246595,1.8694430568984455,2.9185607105932116,-0.6352928014281949,1.0797583923250464,0
2.185169986360953,-0.20371519673251498,0.12141928476270347,1.8935672092751963,-1.4777163150545771,1.585496287813589,-2.152439243894544,1.5911296450101151,1
-1.7230780006108266,2.2301021320058494,-0.15018562457303797,1.4533266883728089,1.1081192647514024,1.778163303938803,-1.8046060627856335,2.0927270714294064,1
2.6796473129972336,-0.4842008160025667,2.6426549687216987,0.31642622036942536,-3.810463300668385,-2.3331707361447944,-1.2944168828216485,0.2852501239637599,1
0.24685177144645087,-0.08990130178428375,-3.064792820294009,0.6721380021743878,2.762357249002318,5.227732411667547,-1.1290100350031789,0.28353155654759565,0
-2.7724985543248226,3.7599375646549107,-1.5323604176228947,2.4016490701600484,-0.646191124284434,0.9921397345521386,-1.814606008526428,-0.6136423696246158,0
-1.2443860860997051,1.0905492696110586,0.28830295711707676,1.192811401166384,0.5729410795838694,0.412276049346629,-0.7824768237590085,1.4725541218861962,0
-3.254076030445493,4.762190359922083,-0.4860889956979372,0.28583602563699695,-1.626240540552157,-0.27085639308516485,-1.9630132791582657,-3.7032446372337873,0
-1.792742243841666,3.6999699203116134,0.42499496644373047,-1.3080483663160334,-0.8629528385150858,-0.9186785335424162,-1.0784705222581374,-0.05087787985878456,0
1.0194726554553961,-2.009033238534748,-1.5448491629928958,0.6733477457732021,1.9593819145738909,2.504087566797644,0.44939165655303337,1.0166957323947323,0
-2.6618605399188358,3.8155893435468395,-1.6534591060547403,0.8699482892754828,1.2822227058174471,3.2950183693110286,-2.524907887973304,-0.5893917589029838,0
0.8646252818368951,-1.1497120475502924,-1.4244947700178416,0.19869895687553674,1.878294784770046,2.5240926389873986,0.0752057516269653,1.5377606629598048,0
0.39654734230378863,-1.962437248920406,1.5222935006548233,0.8340549587970649,1.3431903042729523,0.7510609793521227,-0.2907904812598149,0.997801401788728,0
1.594778813183963,-2.142750240274915,3.3290656165004457,-0.35390145786374183,-1.8917321270001524,-2.989505689982864,0.36014237769641055,-0.5643006062024207,1
0.7312212668861924,-1.5153997609451897,1.989704666036094,-1.7836764951365138,3.094314940242649,1.5172763244440448,-0.22812355196525702,3.4770950421475346,0
-1.488274686236894,0.18177063239911107,1.110892924377915,-0.06112530173342523,0.6349739724311831,-1.3063373510616223,0.6016257738719339,0.2181285115785495,1
-1.1635018689046972,1.7678675073575252,-2.5175702210776887,2.0293674468553955,0.765413334287082,2.452182216641967,-0.9954348298037885,1.0422451710577454,0
-2.1794931772123842,1.1238919012684214,-0.8157449140156694,-0.09265857819822076,2.595322244242313,1.0287397225205228,0.43647508327166507,1.904600905417304,1
0.45943886828410574,3.148236984021614,2.4620512062305435,-0.27512959689963123,-4.331562833694505,-1.8050717941062417,-3.062100696937633,-1.9620919923912403,0
-1.1415517123313776,-0.07869537531938071,1.4091269918569962,-1.56808259359783,1.0640144283555526,-1.1840225389627985,0.8040262257904789,-0.36851934216265647,1
0.3215344458270417,0.7494486293490605,-3.5795767311322835,-1.1879681380005311,2.9280377563290663,5.497587945225397,-1.0320727985155436,-0.33886932812705384,0
1.7786590353357716,-1.1876551131042625,1.293833191952677,0.3283422885178664,-1.0714691059617114,-0.4141226697545845,-0.5345505379238031,0.8633912671105937,1
1.4556397835364057,-1.635963816758412,-0.8929179640684747,-1.7791921044744323,3.3704002631198624,4.083514044313665,-0.3784551642410343,1.2231299281245136,0
-0.6672237746445759,1.449068034502576,-0.14112518397674356,0.28853386783412316,-0.5800380637453544,0.5786810249198484,-1.1856491361422945,-1.3299914470508272,1
-1.3432004059310656,-0.6416292571665554,-2.783611306884577,1.5954207883879596,4.3157539408920975,5.503158137750366,-0.7308055609008951,-0.19503971871296688,1
2.515748760351779,-5.639698831072482,-2.7511045579926074,0.7553526974861523,2.8814811566537353,4.0603964499323,1.6509176040591504,-2.715690788511899,1
-0.26146102259295634,3.031619011920159,-0.6890201139061258,-1.1105593695462375,-1.5310484235217756,0.3920713011593115,-1.5361783869462933,-1.195972519819176,0
-0.5998551006853645,0.18317678249213618,-0.2339983480436657,2.591441291126648,-0.3492412091695536,-0.928673884011533,0.3174965617570886,3.064590468343341,0
-0.927606109346234,1.5323453928530248,0.5703472574960311,2.2427808012149884,-0.8801412099816381,-0.5593776005956952,-1.1255095731911777,2.284953695973776,0
-2.1594582368526005,4.110705955421841,-3.220244805845393,0.21090896777154733,1.2478924446642659,3.1916887091600814,-1.561719404157568,0.6872652653745561,0
3.09007787227122,0.10454585955893897,-1.072640464941879,4.28823784395928,-2.204562042637792,3.6743065263374537,-3.832433344554512,2.36961715160625,1
0.01633315854170303,-0.042769305873335495,0.18484546195538942,1.026475609333415,0.32843841522847317,-0.003839806709917256,-0.07860292013384695,2.6214691311926868,0
2.8548845123851008,-0.7783864124958026,-1.090090715352933,1.9931410639854263,-1.5151583549790284,2.7426563471578778,-2.1689020761453373,0.07842245966547234,1
0.3594207682255496,0.6437715137826096,0.917040448752307,1.2100447475007676,-0.9137628359119778,0.05774522567216078,-1.3826151769524402,1.5115829606290527,1
2.2650793871928494,-0.6945211628120299,1.5768431816242816,0.29810677316825507,-2.883934761930221,-1.8729782792782022,-0.5355803788089287,0.465772045403122,1
1.924948436278343,-0.9528397649244602,0.11280136407843666,-0.8232932035840024,-2.83130232533772,-1.828379652475963,0.5592197108818717,-3.012925322694238,1
0.8721968355852701,1.9087290704053768,2.6936312509945335,-0.04307744584701101,-4.596092127175432,-2.01384331639162,-2.731690780912332,-3.6562499520672938,0
-2.8952998426764003,5.626731655627025,-3.157312297616585,-2.062716222487618,0.33905392584528804,1.2471550980136914,-0.7295119714404792,-0.7828713765276608,0
-2.512531139289429,4.828609149813914,-2.7899284690110773,-2.547053820228844,0.6340875640592147,1.2499355874080436,-0.4683843113283995,-1.1742385061604284,0
-2.3765279751271438,3.544945146897237,-1.9281614650306649,-0.7284951476761876,0.027727049572717766,0.3137657641250633,-0.27575395909330447,-1.111661545983505,0
1.3227274433928555,0.42967720974105345,-0.3184410665250077,0.230327990281481,-1.0033294713930083,0.2031577912440046,-0.6109652083180868,1.9550851634715007,1
3.2179280717716208,-3.349039556321636,2.815174198012484,0.42812416426298916,-2.625568064554879,-2.2389276920668726,0.07874898053768709,-0.8732239602690133,1
1.5097259107602525,1.6362305324752342,-2.6762869791405026,2.193462205245834,-0.5406273834722468,3.8780049766156646,-2.5903700923760438,2.60561803579219,1
-1.0001310321685355,1.3915287032420964,-0.3706157471455146,0.29571632953876603,1.1186303397751423,0.8691957753737949,-0.5087434285365222,2.464529962791694,0
1.0005154017213744,-0.3793185194530004,1.7176531111135516,1.5583942894254839,0.2364713543148984,3.1546591446543912,-3.453221521480238,-0.45180153120538324,1
-2.193300729262061,4.364748140910201,-3.36443404160568,-1.6317717282273163,0.08155175108569668,1.3471097141747443,-0.3989384761113942,-1.901352186056376,0
2.08775166683024,-2.629951550818283,-0.5933754996096612,-1.4489582478203515,3.518891033042699,5.275735395507631,-1.1089821789645544,-0.37545620206070573,0
1.1155096955930985,-1.8172588505551772,-2.439354943607471,2.1074326467380766,0.6898583607632317,3.1255874542302244,-0.32226556148022767,-1.4920167839559026,1
2.0189308486940103,-0.6691637955928326,1.2904300078996658,1.1832508267688366,-2.7386019693877914,-1.229106623982161,-0.9279524236475359,0.27748119097194,1
2.227104031578426,-0.18294590636850444,-0.25255699749980387,2.0172113011736084,-1.7487980044442129,1.2403008850226227,-1.8040807929499625,1.7089684545092814,1
1.6831506737964674,-0.11801066624967302,0.8269570878854466,-0.16091435544131283,0.14548257719379654,2.7116373831150518,-2.5008857592654863,0.2488933183164319,1
1.9928064233229286,0.07177810629253148,0.12181481504392622,3.5683750002039236,-1.788001529875497,2.131615569679787,-3.0312863173252396,2.0936012851205352,1
-4.60971555069194,6.482842955028266,-0.7050893423673612,-0.5361060091054346,0.36500508136692067,-1.155043656045581,-0.7777671247735449,2.9678328745142997,0
1.115319360839462,-0.34636256139987875,2.7660422535040436,1.9581693734969057,-2.4887838735904033,-1.2609847254209021,-1.873978531342361,0.3035743045397943,1
2.1018925329519154,-2.138694667341084,-2.299781896082065,1.3319688832950243,1.0541462074281247,3.8822111436295472,-0.6294455233315606,-0.483631501939059,1
-0.899138846104315,5.639426942207964,-2.6417641998744466,-1.9963709858832912,-1.012505514826021,1.9864676292009764,-2.2385769476830415,0.01381728772449975,0
-0.07109518002716719,3.8071864182868986,-0.9141579776051311,-0.7636428261521604,-2.229073079777538,1.1406831724449602,-2.6263616685335496,-1.9719954653229481,0
0.24359985489915537,-0.6003809392757558,-0.37106221386600213,1.5300629690329624,2.736811205239449,5.22350920144302,-2.6512431282536246,0.5377270674431103,1
0.5125276995679011,-0.3700807742553817,-2.870884813429761,0.6251168744135386,2.6334875820836166,4.763772432012206,-0.8305666018165362,0.904094580799319,0
0.2343963488219296,-0.043385939740406415,0.6600319120789917,2.4326041725186904,-0.20952520568882516,1.2839515151126855,-1.7870939951533686,1.249822205698973,1
-1.678271036422608,1.0978041530059184,-1.594060577964164,-0.025400538138255935,-0.10756735596354827,-0.28038917902360816,0.7312778967806146,-2.8478818283987124,0
-1.4565735143546419,2.27244559416179,-1.2509270642038701,1.4748537178839545,0.32012416214955486,2.0395279194485276,-1.7260674163336147,-0.1062617130633623,0
0.7952698224227734,0.5097602295214196,-2.0429890835913693,0.47780090597066194,0.04074840766048338,2.323438474330775,-0.8514722359882445,-0.02927721641698655,1
-1.403370242193455,5.019152475533676,0.5254170855953004,0.902614426898575,-3.3249902516795653,0.011018212771873698,-3.717845634915334,-2.1696933458004475,0
-1.2710038382484332,1.431605801729114,-0.5603027845462571,0.1988900289441582,1.8960623860111592,2.3381450446102634,-1.2058803246060568,1.2218041459479785,0
0.9039649499178617,-0.8023857995028616,-0.8262082504077198,0.10351747186701943,1.4510594938239492,2.739896516251007,-0.7499128034663018,0.5772356766022311,0
-1.3003029313746335,4.085524706706564,-0.5770989604218649,-2.7418196669445467,-0.4104667801895169,-0.1427137074870542,-0.8571623091263698,0.1751185115251579,0
0.43029121088582856,1.700552923355689,-5.45426915805063,0.08451732003876034,0.267185313597865,3.250599233780154,0.1543948093315215,-0.350778269587687,0
0.48939110916511386,-1.1428497569473632,4.036054500359251,0.5885673291901172,-2.384250606816961,-3.690110638477251,-0.20137531892587812,-0.5451769454620037,1
3.38646650867236,-1.919182613041763,2.283451777355096,1.0882619463304786,-3.5469149621268734,-1.591034169241203,-1.1290275626416961,-0.25429700782283793,1
2.5732918127749604,-1.401267389718729,-0.0021974217682114716,1.3505064382843655,-1.4019153364440107,0.6304730507312841,-0.7935916870874808,1.2692274430535984,1
-1.2314300618581067,4.588146726867793,-0.7203707943963787,-1.1829924322689969,-1.1530870190611975,0.5158801850662791,-1.9997266783646426,0.23766790735452914,0
2.2098763724303847,-3.8808397623030544,-1.0934994587902571,3.903704819305653,2.3915520861887503,6.455098373668688,-2.4649640041154948,-0.8332574805163635,1
5.379805900156694,-2.747291403749058,0.40672577390739195,2.2766629586016003,-3.906654425269286,0.8782355908221903,-1.9820634010373497,-0.06635218365185125,1
2.547882219400032,-0.6659390046270155,-0.8679834278604834,2.165412577405106,-1.5284966804884323,1.665283992362936,-1.5222886620490388,1.6749579467388624,1
1.6975157791522637,0.3737833828343595,0.020520954106647893,0.6122066061107647,-1.5321303422059183,0.396276254072898,-1.2268190173886362,1.5412879516522966,1
-1.1176802739474745,2.314872322186763,-2.8879483159587074,1.7287287596352243,2.478643185187024,4.5810208587263626,-1.8542793042264498,3.5076899734029445,1
0.2625213476153029,-1.1445659899583989,2.074410432819095,-2.0745035786596664,-0.7170468722444505,-3.6319993584099195,1.988950003269696,-0.15531408369666555,1
0.8497867103832912,4.703006759475367,-0.3651666695382295,-0.9389844954191189,-3.5006694084600305,1.209371759458842,-3.87650813198736,-1.3776408989461715,0
1.1949792186335704,-1.7327695113976993,-0.19936330562333726,0.8219722329824382,0.8090100254573569,2.643202905984244,-1.081006335570448,-1.4598089744491722,1
-0.30195458837287437,-1.1723946677331758,0.4244197474648348,1.5385199363271287,0.764414379250315,-0.3066214793155551,0.558935698494551,1.7232620527344567,0
-0.18942537680611404,1.6800381554933737,-1.1793958266884443,2.509432411694789,0.12183850042537747,2.607496975521364,-2.228747429403571,2.440382050336046,1
-0.06170650770252406,-0.9100632136060831,-0.36949013508249096,3.361471042401587,-0.021762313342900574,1.2178110039693517,-0.8445553418967557,0.29296117840297475,0
-0.5672487094986367,2.8516156532482064,2.983873860578546,-1.352477896840691,-2.7199779307171923,-2.342628456914373,-1.9847028266716267,-1.2601175157181894,0
0.9750600128805897,-0.9444341753181748,1.5224801643223613,3.369010822493809,1.762763851118541,5.926019844456847,-4.86514000958004,0.5109013305182073,1
-1.9180136909319114,3.282038261632891,0.38399213721865255,0.12363631485618765,-2.3114504052524207,-0.9647651345024765,-1.684215959513678,-3.949592886712131,0
-2.9604459033000485,3.8068462396499223,-0.7817474054020421,2.607876519908613,-0.1022787027833385,1.4690956304483658,-2.4346695725585854,0.13358816988355038,0
-2.8918342204847365,2.5968314500879446,0.42842750356512904,0.18910523095213438,-0.6135556598972403,-1.6127061439074817,-0.2059762268046349,-1.8027277242744826,1
-1.6663520422112867,3.2212869716281642,-2.026567503751191,0.7749648120435102,-1.384860742705536,0.6022635696898727,-1.1456112374072365,-2.492904184802156,0
-1.112268247313172,-0.2714455707555612,0.5564016603342883,-0.4837935312818302,1.8634155923003997,0.034663742365746715,0.6344364904431041,1.1101202944267137,1
3.9442111252061824,-0.6070424228642054,0.8591115142020715,0.9273407614623684,-3.8754014193352133,-0.4618695420242764,-1.7814042391991545,1.0353716508476656,1
-1.4251780216923082,1.2712833193222628,-0.03133105290941929,1.6761744435175085,1.088774258286412,1.9830937619699907,-1.7245243618907087,0.6720694532383297,0
-3.3647428341136143,2.948871411574854,-2.900120749907515,0.6849877044573045,0.39175288914497286,0.29674247047372226,0.5168624291309702,-2.449454866828119,0
-1.1771528951776722,-0.2716047019111721,1.9098231521145723,0.25075535541382765,1.4719454588450838,-1.433300621285229,0.7195159596506284,3.7014080906181728,0
3.180924066341738,-0.5453147624497916,-0.06232034668402897,1.0321845087668806,-3.7645495681746226,-0.12459521982350842,-1.481689417725593,-1.516664735075923,1
4.210403404523925,-0.055861272221053714,1.0881684207010374,3.5801134011979086,-3.889227341625431,2.223296739421778,-4.572013270433864,2.0251045721688485,1
-1.834635194066324,1.9881315530707842,-0.5719116762415344,0.29095702281689206,1.791319932846674,2.0766202658797623,-1.250253255327678,1.0121816568949218,0
1.4428032001383362,-2.144806142687851,1.7121650772106156,-1.1383924664862404,-1.085889184999086,-2.6496546296141656,1.505638997523723,-0.415906824226832,1
3.90152536799532,-2.1967054937690773,2.817469868979755,0.9510258580656321,-4.224239147513236,-2.285812326780083,-1.0830876960965516,-0.27872359423960535,1
0.10623760383987746,-0.605056254113994,-1.8833866041211182,2.050339634063965,-0.1110561729999946,1.8232541053836482,-0.4085021832044524,-2.0405904687744982,1
0.6859621055124014,-0.3117298307905895,-0.6630311662925603,0.9735181289466805,1.611646496769878,4.206069516106605,-2.213850016535407,0.06046764629176382,0
0.8123791232507328,1.0473999590284646,1.652178077803537,-1.101212718714148,-1.0388579667406055,0.3611252272702284,-1.963781284871178,-0.510629220917495,1
0.3681076230965976,3.011025840322897,0.6495001990346894,-0.9594895205107383,-2.0870921382015664,-0.19911126263195786,-2.125434358189451,0.4746580449822526,1
0.06768172540438089,-0.19466631886998134,-1.663166765197423,-0.9414339549249691,3.509534980182658,5.102611468494735,-1.2829373765727525,-0.17998871679859407,0
-1.0703258496311168,3.2353977091791517,-3.2125265560803538,0.09485174641273253,-1.1163159441449655,1.8365412060985182,-1.2176164731420294,-3.1747181555554516,0
1.5048239469315239,-1.9416613925659005,3.919984218994346,0.6523114041658608,-2.1584773169562483,-2.7310934323175275,-0.5105950208070282,-0.16949960201514003,1
-0.6208137057434093,0.41935796784727414,0.13642891389217748,-0.276193174935925,1.8134509725113626,1.9024470017661608,-0.886890165495102,0.8440593858152851,0
-0.20969198157777014,3.39347037707878,-1.746758725634351,-1.6121132411414645,-0.7651978286445884,0.9426485116853782,-1.0750210572657573,0.4233832896181666,0
-2.474329374101398,3.919167335905927,-2.484451420560662,-1.2062083318802213,0.3280306590985389,0.7596247379918599,-0.23922056650233814,-1.196157944483896,0
3.443696626117176,-2.686335003882204,0.4006291953402501,3.518324606420228,2.026946745372493,7.792574115277249,-4.954279737252852,1.7796558423743551,1
0.10321820616564792,-0.3924006729043098,-1.2501278373227276,1.048760202710871,0.5629515872544795,2.1367847330863645,-0.6810497834279621,-1.4044839901114203,1
0.08513690941403973,-1.172342738701025,0.7883340674503647,0.500866741882122,2.08476482464676,1.7091101446507715,-0.5256258572919784,1.869340174891951,0
-3.4052709682309055,4.787842252110292,-2.4755623982596875,-0.2376561005551845,1.9162188360010801,3.3021424878238124,-1.972812761607386,-0.38958323180185417,0
1.0497517085075971,-1.851181333035093,2.71923481306537,0.6462729730622203,-0.7407301495890792,-1.0231089897473085,-0.5452350754803408,-0.20308037471205087,1
0.20824234202281788,0.433888548497686,-1.1063571712568716,0.1865893941790837,0.740673549304779,2.3520394505692113,-1.0489064867477933,-0.23183902006383184,1
-1.7336607374080821,1.7084614421243192,-0.8117902677841513,0.44485678035247433,1.5944498593836753,0.9894926191376711,-0.2617880846085652,2.349290746403169,1
0.4153354915317937,2.1592779583532837,0.47342224243714437,-0.8922951513439783,-1.6895051244896988,-0.31007309085869017,-1.4574470176541328,0.21258611824236584,0
1.0487392172824308,-2.7453645075721367,-3.991076510243416,1.708252069457803,1.7574983642796331,3.431349122916821,1.2147947546298394,-1.7474786538095275,1
-3.3363448379632845,4.608222361684824,-1.2084295716375368,1.1544037836864913,-0.41910999151310024,-1.1289352786143698,-0.38899412167212344,2.5566848777406834,0
0.9108414288550114,-3.135935297258744,-2.880709034638059,4.8611125009755884,2.4256535253122045,6.137237419901816,-1.5290660489819334,-1.266103174171861,1
1.016684802751856,-0.4596322337397988,0.03180188505811499,1.6040999456416152,-0.1443351398220365,2.587511576915011,-2.1572006150025267,-0.8276111134086138,1
0.36523096756229967,-2.0207048270284473,-2.2756616763069686,-0.3970494533293556,4.214116372245599,4.917872591408806,0.12800692545594394,-0.10321405619831692,1
-2.7380733045251784,2.2908642069048217,0.14387457935220782,0.4424917685287859,-1.1468650233021471,-1.521385805216704,-0.26572756306973333,-3.601131602772665,0
1.5362068813174545,-0.4380653290813778,0.7846723200255761,1.5750838974589905,-0.3746709040981753,2.906350318428454,-2.9617663539475094,-0.4365104530478755,1
1.8588394364614647,-0.7269913801150987,-0.9535491998468936,0.9329304434813959,-1.0224142805601906,1.7099330272631375,-1.097054498704498,-1.0220411169867514,1
-0.9710917271796505,2.633929288866902,-1.038212213313922,-1.9545865523973323,-0.0822847915876661,-0.1354127402655921,-0.01985809911100167,0.018702131881022765,0
-0.7687930425116776,0.45908216337880187,-1.3192378885578937,0.2198589222465046,1.3895427497773845,2.1914489480272104,-0.5167766403927492,-0.8752608432119113,1
0.8794600735830408,-0.8507156567070141,1.5943815417053164,1.3644521310300088,-1.241056430711023,-0.6890544230826926,-0.8192164768454125,0.3197364560265218,1
3.0446355067268094,0.8152618802536962,-1.6150602388179296,4.600061448772898,-2.604046076990964,4.089390723249588,-4.312426100011078,2.2182106530178816,1
1.238790374113437,-0.5027493198960227,-3.9438684457868387,-0.7363480692828075,3.186249937289542,6.599606082083322,-1.175613229935046,-0.9628927319306066,0
-0.3248723791223609,-0.023827946408705933,-1.8330746541205607,0.8054042653011132,1.6633430717455489,2.3763593234033684,-0.1409061652981588,0.8095646517433159,0
2.5935425980812745,-0.01803309210525257,1.3683730249110213,0.7131571846412414,-3.1567893194213736,-0.9035659284751419,-1.5957687236738907,0.9797221905465366,1
3.439232424521001,-2.421446502906879,2.3260310634227976,0.06588429580048027,-3.5579278801342693,-2.961877721856748,0.22981330692083568,-0.2093658640949161,1
0.6983306192322833,-0.9099063719391972,-1.892839184541633,0.5603502429291494,0.6377921619484244,2.109853523723296,-0.0009895447149593783,-1.202689021415066,1
-0.4126270779996549,0.007489865722628181,0.5658709901240384,-0.737322779911703,2.7358447752846873,3.5977568518932044,-1.8556217535853197,-0.37465801121444886,0
-0.14651547292094613,4.272505357279816,-2.9002802460472625,-5.446468288226253,1.8337621712646182,1.6374139672183348,0.3741244164140691,3.970736406518334,0
1.2650924230177378,0.059810952528224104,-2.044208123264896,0.7431304597918058,0.06162932766697149,1.9052550471790102,-0.38795211381473116,1.7144839947954806,1
1.3896162172803161,-1.5098564948162967,-2.3500780010747464,0.1004764614451783,-0.5773455513211949,0.6102936645896611,1.18252491589688,-2.2113235639980866,1
-0.40394808295266704,0.3582739835409143,-0.6870386189518537,1.297738609109612,0.7117554687057768,1.4330025273933682,-0.6987851907098939,1.0151362107190756,0
0.9344758458943084,-0.01702688827783728,0.31241995838961245,-2.1522198500938186,-0.9952522345012234,-2.0904616667784195,1.290723337946602,0.5288154079155565,1
3.4671932100870513,-2.33034174931974,-2.637752524545598,2.6077305970953297,-1.0226812300292338,3.427582158919941,-1.092451684737272,-0.5313300553426497,1
-1.8894909692324255,2.5990439160803067,-0.742529137145942,0.4003814365049818,1.1954812700874522,1.8473156621785538,-1.4685139557132492,0.9219672771353102,0
0.25487487527571817,-0.7820892972253028,-1.1741220074609602,2.17657381600049,2.478167406321246,5.201027056336944,-2.289793336955972,0.2472578083625352,1
2.4941931020673547,-0.9588393360287285,2.221651493896287,-1.3884860108156025,-2.582915418983725,-2.442676651433595,-0.026254129574896923,0.16582874191508457,1
1.4923746601850598,1.9376530969161236,0.48549385077894125,-3.6317249950355412,-0.6177473143981567,-0.1515143226118893,-0.6947984965974884,2.234827329933115,0
-0.12688355559582432,-1.018986180194511,-2.0279812462958837,0.48597379082298664,1.8653431281718449,2.7579186963623212,0.16729813008963856,-1.4926339978455159,1
-2.048900744636951,2.0815281530191014,1.2534992052668037,1.1899112777533374,0.2473865147108275,-0.6703032987570113,-1.0018270286533755,2.3223313358603983,0
-0.05455075733560266,1.6270650886482532,-0.8394029830399037,0.9396508211484413,-2.26591835716674,0.15829854141724958,-1.338799451248519,-2.7144940362841057,0
-2.4105749199438424,3.6650815752761146,-1.1664680440751583,0.6062198985898054,0.9165282751188333,2.33128445886313,-2.131379669422884,0.17920979703636886,0
1.3331090572859066,0.9854891600122269,-0.8151891040639201,2.7075134023355205,-1.462937623608031,1.7988847223235955,-2.2918447582254147,2.4351710172099263,1
0.24458550532410583,0.04906304141853119,2.171596977797018,-0.7898850942558298,2.0758430686619165,3.3517851591800416,-2.9155448721509023,0.2362271460706873,1
1.8923891133325825,-1.3640063609304947,-1.168216500950383,2.7816623680374155,1.4803488671203484,5.705770720692624,-3.0072391594056005,0.8559050018804901,1
-3.811991217647238,3.812088746241686,1.3093394403657168,0.7318145095477996,1.5466346019014532,1.0139264605904525,-2.3414045446285554,1.0123835099013798,0
1.6612347297962922,-1.703758248876122,2.8486505326247284,0.45632924387146945,-2.1240597127728984,-2.222140694203184,-0.32486703007567064,-0.3652531275919002,1
-2.7003036615503495,4.7718732839521,-4.159462883478073,1.7803317697741743,0.5682909426433639,4.449758818903697,-2.729831142861027,-1.8701526174169194,0
0.3606861630461189,2.03451720106916,-1.6795277580827985,-0.2782742939501105,-1.5185567289627013,0.7099917494986829,-0.9430553673153351,-0.9387358484896554,0
3.8191571018195702,-1.4774532498571449,2.281213967579677,3.1675135832157824,-3.918077457003485,0.48322323120640437,-3.349028224715927,0.13078335718047318,1
-4.249506524703303,4.306905331008827,-3.0477294732734035,-0.7521486527628376,1.3429212589198696,0.38977770339350487,0.6451937865521127,-1.3562995122739676,0
2.475115743052331,-2.278953652107033,-0.42577108368451444,1.2329642252752777,3.6625146317855433,7.502461582599294,-3.366689977212521,1.9786854209111868,1
-1.1948572516247706,1.0285409359923703,0.39087051988868426,-0.1914659282723985,0.994734425318408,0.1918495192932786,-0.28478906338244214,1.2003269612531378,1
-4.481455332846707,5.282473321598858,2.784553789720195,-1.101343373057313,-0.057108501806701684,-4.489183109783825,0.09899742099456188,5.066044802840596,0
-2.3892040879698078,4.404880383277636,-2.702116021448635,-3.0926575264974776,1.1409686093516371,0.8635658163476679,0.2290638617613321,-0.18721457147328724,0
2.6568126676810646,-1.4027526084487965,-0.7601319325675648,-1.9378824073727499,-3.2561484064161377,-2.70056562425132,1.872638353516015,-3.1856386119236744,1
-3.5476516868628543,4.978065029646592,-1.4332236719186158,2.693763882851637,-1.205602131790302,-0.5914003060860473,-1.3540931553074596,1.4446452966374794,0
0.13678184728448028,-0.4652055542114543,2.263267314933242,1.456198129984271,-0.9550008951916382,-0.8624674812185578,-1.0985960107825978,0.2971550392226264,1
1.4755168257354285,-4.758014066748342,-1.4847794919413442,2.399854096413627,2.707270286792502,4.460233309973096,-0.01100514720314727,-2.7310060758421457,1
0.810129006006238,3.681175698764957,-3.37871300987295,-2.361999817518826,-0.5043301236432283,2.42105206561632,-1.1734213737840613,1.125955149774454,0
-1.8200413154042643,4.3605522580120795,-0.10973452051246124,-1.6801247552476632,-1.273475071836778,-0.5307077966073619,-1.440404216941096,-1.288207094637991,0
0.784396010005322,0.5939100928241684,-1.3665297907912843,0.192169052143226,-1.8713453746366442,0.17948906953106195,-0.4046300002015959,-2.3709162895232643,0
1.1603440226087447,-0.3246901502526062,-1.7062785739573947,0.7602080581258107,-1.9561988200118283,-0.1358129315586494,0.2651791917852444,-2.1640472479778694,1
2.9702724337198028,-3.1633989124299657,-1.559680973753439,3.902743024550016,0.38880509135098884,5.124348697127012,-2.2959102674320087,-0.7039246148928393,1
-0.46573961627462324,1.543214657735752,-2.081159150186733,-0.6606894634256049,-0.10436108767611008,0.5772709131395967,0.2557298621462327,-0.507235666897188,0
2.355146488840382,0.4689410743656777,0.5542253383290863,2.6592434731059287,-1.9796747031417126,2.1912516129093533,-3.4492205722762894,2.1248151801912227,1
0.6255342088606544,3.4862832330488045,0.9775778278329557,-3.2866759220543798,-1.4079202883299669,-0.43890853786233186,-1.7099268423516307,1.624190230268281,0
4.897664079492358,-0.7998110272894517,-1.3418002085007266,3.8170990581643878,-4.044407267915734,2.4196707378643416,-3.12385800097341,1.7410443252883416,1
-0.9090301855501506,2.7232741289629914,-0.4553519150588994,-0.5509252834231737,-0.8234439377936883,-0.09382795421352605,-0.9359494635972366,0.10763279024545302,0
0.9324853320489999,-1.2215210993414187,-1.6344247544394508,0.0454381523991545,2.7535440249382037,4.536997921396623,-0.9481922862102634,0.31069359056676604,1
-1.2243209786644378,3.473244230801868,-2.5310578580775145,0.3208002701361803,-1.0361534684555027,1.3966845827921308,-1.3549030054474516,-1.5867966937195601,0
-1.509044727735141,3.911632001705065,-2.532248657621169,-2.033331595526079,0.3743449585910328,1.053033229090775,-0.3204513160584438,0.24632515763149687,0
1.6077298724195817,-1.7151698804229065,-3.0996365362405607,2.1493845746001488,-0.5492103608176997,2.128051619008211,0.25777461491745535,-1.7851166763864277,1
-1.8535353890492527,5.196363962040417,-2.758010307771399,-0.9957994204544962,-1.2548784632410726,1.4299428092095536,-1.7979758904866407,-2.3500191253532496,0
-4.569747202016394,6.283344469906815,-0.4476117225513052,0.5722339990232301,0.11212666797851512,-0.6776682076936691,-1.4848633351299987,2.579180921227719,0
-1.4777121220798861,0.8332384709803609,0.010475281156411387,-0.057832111919212004,1.1587330336167883,-0.26622347998814344,0.4276368588583852,1.4119568894490087,1
-0.18147816369386327,0.7283388750582339,-1.497448372583853,-0.26258668330728696,1.3711448904611345,1.3196208784753463,0.22140729845708895,2.555526837964539,0
1.6003194888108547,-3.32898017340725,-0.11072679930273166,0.6791477009227257,2.385078876596558,2.2645801066962576,0.4537198500907573,1.7740089713920768,0
2.052594692372808,-0.12490028500593392,2.1284922916147826,2.457103558277099,-1.1063460995724124,3.2961348434036872,-4.614894844406928,0.29392182571328895,1
-0.17200826596580243,0.9082511386387142,-2.933840050832946,0.5180459363065184,1.3516705631453945,3.299416672256846,-0.656337846103187,0.16921012139677793,0
-3.237054163839388,5.1410727693938325,-0.640891446389295,1.6221444335121937,-0.855496253648125,0.07823476811054536,-2.117537821412519,1.135174024438516,0
1.4976117410142695,-0.15502935934240225,3.0055157735699174,-2.134627457093787,-0.32466524231551386,0.6292009866586664,-2.09296896294848,-0.7611886347259568,1
2.240962942673905,0.17335699319943448,0.8689406101276107,0.7012621219373512,-2.758053515566524,0.371163067367738,-2.18960360854008,-0.9372693960575986,1
1.565539952802422,-2.9045145570622903,-2.2757455840031144,0.2505215904442334,4.205145298878528,6.071211244959479,-0.5507958915331992,0.42380782039245934,1
1.5034420813450096,-0.7674223229502398,-1.9504092510265256,0.09447065452848835,0.3854064542426128,2.428357250747636,-0.32710689383575586,-0.4064232545478742,1
1.136517359019052,-0.09705557138675042,-0.9060391275464759,0.8582077925729323,0.35592130507801856,1.7668048173702116,-0.7786061634812439,2.439210124128776,1
-3.78081386684608,4.199112247683283,-0.2920350833627836,1.9599314403918195,0.3887547079178344,0.010159859938080919,-1.4176769376653917,1.8975282180813382,0
0.4482363960591882,-1.5524224220226626,1.8904839904840123,-0.17069088457858927,1.523644581074172,0.04898058226174738,0.09985292517452793,2.598180208002483,0
1.717071651872602,-2.7520942897524563,-0.17506793038083845,2.0712413841092085,-0.22480589378395144,2.1289560102981167,-0.9391215187881569,-2.680947237191263,1
-1.7249233129914634,3.4389675751618216,-1.3458090329749242,-1.6824418535315102,0.5135132066496242,0.5806980431641547,-0.4601170404348539,0.4370204874757453,0
-3.5629508823059726,4.549384567283716,-1.8629948911044512,1.1388302385098916,0.711516081814967,1.5771159095249119,-1.6004203284174616,0.06692438807697076,0
0.3810712933356948,-0.8127450580186871,0.2812406917458643,-2.061589877056218,0.259192243480757,-1.6327636716954261,1.7859751121469425,0.20974466408728598,1
0.6537131667948646,-0.8682862860550388,-3.006164223829912,0.2962814696150624,0.5935532904063593,1.8862931319021152,0.8313581381284925,-1.465427932068451,1
1.0368936220861766,-1.9650858707436285,-1.7282626480912884,0.3825716946841886,1.8409437598085274,3.221994111710297,-0.03552955575745498,-1.064218934654751,1
-2.7409071135547953,3.782357618426165,-0.7199171354606959,-2.634508264045968,1.0466107071442914,-0.6866880777293578,0.40374595482929654,0.7635446759723974,0
-3.228710015526281,7.5373081445794865,-0.44767009205696573,-2.063985944906439,-1.592282526035465,0.3237451345381966,-3.1497515015422657,-1.642236741975961,0
2.112485173638909,-1.2905475279999472,2.2747679906815192,2.989406313847656,-2.723834237176858,-0.20755800304889324,-2.3090676395091263,0.015679669691521347,1
1.5806982841383177,-0.5879351303782018,0.5572093837725698,1.4039429926531752,-1.4694035708108437,0.2872908427373429,-1.1797557321923686,0.5480440163887765,1
1.8706215514744637,-1.9727996370017826,0.21256610260584075,0.6053832353141384,0.707785597547526,2.9158467054620867,-1.472992407933483,-0.9853347292536933,1
2.058382559972352,-0.3355353977016296,1.4595078283591303,2.077321770465417,-2.522031678964302,0.17588212860720845,-2.270950681613723,0.5655606830798363,1
-0.0698241329246031,-0.6258455071658279,-0.8409632208900742,0.8113089692044237,1.859486007787124,2.49492409370796,-0.5164579867724289,0.7234514222759323,0
-1.066984173035866,1.8275170232577727,2.1793428011745744,-0.5031996577831146,-2.1382589785408657,-2.3501782932568096,-0.9782106270700366,-2.172543561408265,0
2.6130227204565184,-1.7170141852068037,1.9598085331707495,-0.8173454910455404,-0.9820040914942059,0.8587371611588513,-1.552481470482526,-1.539276432563677,1
2.67048559087503,-3.6831465097351312,-1.4650880257106902,2.1387753580253053,2.7958731553999496,6.303465082245046,-1.798761686735377,0.03571871280637051,1
1.638324447583717,-2.3381672862860556,-1.5361441383194663,0.4873502898548202,1.9729960827229922,3.9395420578463836,-0.535836087677928,-0.7732465143427125,1
1.9439750153917201,0.33753289273782333,-0.779683705518295,2.6366724407485673,-1.623238637568869,1.8785963544282256,-2.20522562640074,2.096320563948253,1
-1.2398884435891375,3.168889539383772,-2.844086109473759,-1.4114931426814745,-0.043362561614317174,1.2059956984737963,-0.25034752941804206,-1.39497743641319,1
-3.3239242040432644,3.9176675726330683,-3.0167731617463365,-1.7254395692253135,1.0926793904642325,0.2781261789727025,0.8634549176138631,-1.3564891343455279,0
0.8359900904632497,0.07559939303880317,-0.537534832398479,1.7715604455958536,0.07288446592852083,2.030692973905221,-1.505092135854787,1.8547040796206984,1
2.450138722863429,1.7755691730574432,1.2318120497002876,-1.4944752786950741,-3.2170902037720834,-0.21350291987587114,-2.4529249603438714,-0.13720846252663244,0
2.561533741673296,0.5215288262259123,2.541148728254771,-0.842297024176728,-3.7076938721785138,-1.6247329875301184,-1.9620710774206018,-0.5195394571899907,0
-1.0512535169493282,5.3794833775475865,-5.471960707631895,-2.3710774284778444,1.2085828466007125,4.014078882543123,-1.0359427748770997,1.4451472473674687,0
-1.8122233129392329,1.8748377786983654,-1.563853581838516,1.7181535411919122,0.7872968729219251,1.391338798560019,-0.7108581794762381,0.9268489397093099,0
1.8281624337017761,-2.8435991762899895,-3.0603498246014778,1.416418880532265,-0.3238065174862206,1.445834272237505,1.3731212674383246,-2.800115127312715,1
-0.5165534921182048,1.0316065578973954,-1.999708425831343,1.5916003131809184,-0.0974854805284735,0.32337801695170876,0.30730417227798323,2.0673052074125273,0
-0.6054722530741556,0.7448504539216487,0.8894112462144628,1.868588569498722,-0.017322697930787778,0.6315372749675568,-1.5348961292564667,1.4486683340475195,1
0.4705084199735068,0.6265345068125876,-0.6778196947443009,0.08243050317068723,-0.10937835039311916,1.6257651940556024,-1.165717519078314,-0.4276127192249537,1
2.735906755312202,-0.32189237826270817,1.8842276991726068,2.6984063209073517,-3.206644635297958,0.4268670051627432,-3.110283804864058,1.0504165283175804,1
0.16994146636175023,2.88713195249862,-1.3303267494813915,-1.4938307318991013,-1.3703897571320676,0.7865164906898614,-1.2978520911233684,-1.0145806250737501,0
-3.6455909156710997,4.0859288755033685,0.5606899617791368,2.7379838246957693,-0.9787160503963721,-1.2825791138587346,-1.568798969605015,1.3411362435379324,0
-3.267272410365219,4.63360659628308,-1.6668889450189173,-0.6177681204264822,2.274397231730963,2.8955420496074797,-1.8705216052650289,1.154338973576108,0
0.3438181180756299,-0.2523693585957665,0.9238187389349708,1.8825842951911222,1.5498012820587024,4.348066149378161,-3.424800503849267,0.14012707265266333,1
-2.668929417652871,4.109555598447933,-1.7137347203968631,2.609305356538227,-1.5657501647554848,-0.9965503893544002,-0.7088306686600607,1.6865422497147,0
-1.078950465089117,2.072578986155187,-1.8750498020342716,1.006139665125852,1.1778169018750588,2.65991346935274,-1.3371332286537125,1.4947044010213872,0
0.48526868282275226,0.029351221944096874,2.987437850414382,1.3900500192995282,-2.5629470344025527,-2.417837442930291,-1.1893365014190844,0.29952959142405133,1
0.16296414051270247,3.1155259365570367,1.7006264462145055,-1.3543891682623102,-2.614965348580055,-0.9835782603098611,-2.348765741498684,-0.665913542261339,0
4.8696178486966195,-2.7913609323097193,4.547204356897291,2.8132002916768553,-5.522664427289694,-1.9557288716922328,-2.9644266381688604,-0.45557700955600633,1
0.028951235387512986,3.556598059012076,-2.8835032086603665,-2.2704844802400252,-0.5699031699372037,1.5330819150870991,-0.7577773768600814,-0.02220146957693836,0
-0.7178861095082983,2.8604431324418083,-1.9627453609769399,-1.4725253601803174,-0.19132515120079208,0.87529936676929,-0.46091367519637416,-0.28687840433940204,0
0.41970544917617036,-0.9303124866148335,-1.3667176446833884,0.44988467363195217,1.9272900443758203,3.5154857712814263,-0.8224708607672298,-0.7622792232648755,1
3.156572411863344,-2.6484717504810202,3.3254535846469313,-0.17675401249888067,-3.4501032211465104,-3.5148861192357095,0.2371846827630404,-0.5206843436225361,1
-1.2581292387439005,-1.0504305055439944,1.2718683502527366,-0.26433782271878425,1.5196265502597637,-1.050020427232364,1.168934922400501,0.15553328384730103,1
-2.1054352829298697,3.2956462880743445,-2.181947662924232,0.09146153513076216,1.3350345406611597,1.819974103438374,-0.748890479385325,1.784894365559301,0
-1.4768481921021226,1.189115636827898,2.0519094528616297,0.7456854170192584,-2.247207162411005,-2.2160098699860655,-0.9791892675087432,-3.75113032961161,0
-0.4273659411963284,0.1086858064432556,0.16630023225369184,0.6039846379472193,0.32329190057250945,-0.03699386703832063,-0.04076111819480033,0.9386216559299364,1
2.707278348758909,0.5327108043450394,-0.6319375092420827,3.5633467568004225,-1.8658426012342342,3.5393890157292054,-3.8980047290628113,2.4526815641661903,1
-0.06454623819402039,0.966495838491495,-2.351200099384836,-0.9414074007136746,2.3738957641242973,4.196202489045461,-1.0886759707776474,0.10950495635848057,0
-2.162476844959264,2.232893586206473,-0.3003560527219806,-1.8282514486480754,3.3810354963175713,3.3569923848692613,-1.5294676107948932,0.06755077626301309,0
-0.047023270205874934,1.1406836773911282,3.3584178639230107,1.1600701296273908,-4.25185066706187,-2.7981850891206292,-2.22381460793613,-3.926228480599443,0
0.26953812450777037,-1.3927432702689067,-0.639750432294479,0.24578832745719437,1.3555966924442926,2.163776286137487,-0.24687882779646997,-1.8547925518927277,1
0.27933066556000175,-0.8514168884903229,0.8367032081660275,-1.5098664826658434,1.5311870462679398,1.5902126687697866,-0.5644922077887102,-1.387322482304091,1
-3.7652355184715196,3.9365548857253714,-0.31775521370020343,1.355263339888251,1.0976038221232498,0.9340980418876799,-1.6413901728327231,0.9397870676340977,0
0.7264902731129942,1.067183229644743,0.49602009193478114,1.8383932148546815,-1.8846784835338415,-0.016507138106083077,-1.7413283707075453,1.582682054683998,1
2.095660829346689,-0.7719995677719776,-0.1472180802091767,2.497647521070943,-1.4102448132444294,1.1848938316639448,-1.5193287623171452,1.8437512604513948,1
-2.007888105011698,0.5488573360669916,2.5713040755924967,-0.07298453142078354,0.8533012636205899,-1.56501912937488,-0.09013329085624378,0.7349457414312937,1
1.117584523675719,-2.4521439312492794,1.369983957853134,-1.6619181536790606,-0.6642321725635605,-3.1734802098603443,2.4861050840307377,-0.6318682984453288,1
-1.1311234171950137,-0.8589133752573466,4.323283163403618,-0.040372246340572016,-1.0474902370918264,-4.05035071812899,0.49048946103923585,-0.9817512160913464,1
0.40073662113360187,0.12185166807187675,-2.1206949839859854,1.1367356489768605,1.3688542118102531,4.2872045406222705,-1.7001635804578794,-0.6777208569658071,0
-0.4540393024573235,-0.7317418360476123,-0.16368504530029937,0.6143948314413632,1.200734664628762,0.13979379121565783,0.7072026867490515,1.3828725438595755,1
0.913562654396217,1.4939169133964463,-0.23937650819379996,2.8275361389351437,-0.9000839370895769,2.7344882629897174,-3.3152539191790225,2.551255934150137,1
0.891323062972218,1.8401221294659635,1.5041929534795573,-1.099889329223329,-2.565621711075492,-1.0535589645585277,-1.729298313112726,-0.6594309016595179,0
-0.24450205631391864,-3.2491230118727468,-2.188921036260897,3.429003225727016,3.8153281884052594,5.74457911822238,-0.7831981401794228,-2.0832437184130947,1
2.394672008375636,-0.331934876223974,2.2473715258640308,2.7553668940489167,-2.180599887089711,1.4933848322847383,-3.710257748319545,1.3429341142181275,1
-3.044813424729762,1.1390932307571302,2.713886127294357,-1.5319950763398071,2.2260325210866254,-1.4206603647460356,0.2968721369691618,0.7875251082987589,1
2.4877023302995225,-2.496731599192607,-2.20008085256483,2.366892015801505,0.5754821645425553,4.200721407498861,-1.153852978096998,-0.6844688716451154,1
-2.266244351372003,4.456581264603085,-2.2366052069562246,-0.11779848598443654,0.35460377619417305,1.1412673012610115,-1.0116070299225615,1.7886717564655372,0
0.6983634683239703,1.1839679205218423,-0.27616284149461623,2.366620629269308,-1.2352713478877855,1.402925405698066,-2.2227259187351764,1.8872046466714139,1
-0.6663177857784663,1.6080262504204015,-0.6676428695369108,-1.987702706471179,1.2831373945838156,1.4284161164181512,-0.48767999756072256,0.014048773908501788,1
0.789782489513206,-2.1051455293162,-2.3929116196153375,1.7454734617959646,0.3645833379206638,1.945472385602802,0.5870557552732634,-2.566057219644807,1
0.9474621137901018,-0.4168943090243342,0.911361512685382,1.099421767732832,1.4018829815971685,4.208585486496473,-3.217822283861413,0.3027377301421803,1
1.5802526676096966,-1.2513330674069134,1.8231755805704313,2.3206903979155813,1.2271502563141703,5.036022430840501,-4.339099442238846,0.14442234605234594,1
-1.8452021813654316,-1.0570469764667951,-0.5128407938404443,1.4590459079400855,3.6709609460843877,3.9450768963570604,-0.9598560946859868,-1.9169293089351767,1
2.237036825795654,-0.17439771949103217,-2.0263858896002915,1.0593271717156272,-1.437705194366508,1.8788461941047334,-1.0002032710064779,-0.076083289632771,1
-0.5501941118996254,-0.7506863777625039,0.37329016776008883,1.5685040826893655,-0.5453084723394324,0.22854593907252949,-0.5608887384640242,-3.3879883297774116,1
-2.0175217924113045,4.841821263027592,-3.4697631250282996,-2.658316005237821,0.9516744109542625,1.6593814218602367,-0.24348501682885448,0.48764831499393546,0
-1.6058910758797424,1.572727462353797,0.3743602926443461,3.156375515314781,-1.5361773774128027,-2.054505189870001,-0.2524008561509202,2.28915068320263,0
0.11348822765139976,2.008536059858841,-2.0434020828539268,-0.6105885714258548,-0.734056702789078,0.9102983401570512,-0.48609110592981564,-0.15273622435975986,0
0.580917126178578,-1.8223076423410942,1.5805260160152836,0.040478242400704634,3.6972296428335945,5.13217885680446,-2.674900879938156,-0.0255173430651513,1
0.7184149311807306,-2.5191079527246982,-1.528875747919835,-0.31045954913996865,2.0963060003778713,2.452340547687662,0.8567282395882181,-2.1240838875586774,1
1.5210989663225098,-0.02539426744364869,-0.7238152200729873,-1.6747159090978911,-0.7550991353628849,-0.1123481628705456,0.39440561695206955,0.005619092309982587,0
-0.34827843646352785,1.9302583291524746,-5.6812206237473974,-3.608615095251222,3.694288434010536,3.1335269208004206,2.283320282530841,3.5113236532217,0
0.39054741350635824,0.9584945111420915,0.4244651399422481,-0.7255780189801058,-1.8917378714272295,-1.053929660826992,-0.5164408500916184,-1.696513981440488,0
0.3686857561222523,4.564985891854906,-1.751089243805041,-1.6084105547625323,-2.3839969949939572,0.9832288293636687,-2.249490307388412,-0.30714221736237124,0
2.451601420600828,-1.6070447679877184,-1.4845322291938319,2.1169734225641745,-0.43481121707830184,3.3488029832264377,-1.6455064142107227,-0.6735501703200273,1
-2.63113687455884,4.527333050910101,0.6477929329484151,1.0577492136283162,-3.198085891490115,-1.2124631218122797,-2.6042814732173425,-4.298205236113217,0
1.67704381563733,-2.300752569249469,-1.2405074159070912,-0.22788207020467266,2.560951966809677,4.115758653196009,-0.5123500906539696,-0.029069537583994887,0
-1.9073383620054694,4.909522016805184,-0.7266512684192981,-1.3535118118361436,-1.2592440360404902,0.1039943535550198,-1.8091680491142026,-1.0095808971953506,0
0.6394299901706775,-0.016414794301902125,-0.06735761820323993,0.10962458395181562,-0.9849645325264376,0.3904962255140329,-0.7127034547210482,-1.7942252730671795,1
0.4681591891232516,1.4605784868965968,3.0714116886454255,-0.7316353581735178,0.2518136934106916,2.2781503489113644,-3.9325947460416923,0.5729680168382432,1
1.3833379511926531,0.6559781814333153,1.5227586597268612,1.7367328423723667,-2.5818673920266524,0.7666925493106954,-3.1099582326045727,-1.1305259415955558,1
1.4889931918305663,-2.095405846553689,-1.0948093641669798,-0.10993941922479955,1.9002657554307611,3.4620751346448073,-0.46484540069317715,-0.8656970692318969,1
1.1158436906784654,-1.694217515127214,4.233286287804705,1.2674213445888771,-1.8602466555275532,-1.8882220110541716,-1.3910342875485684,-0.5344392141049206,1
-1.4173488233802636,4.097436733570936,0.2015881732616236,0.0042015808117294995,-3.138059748101569,-0.7581423674061587,-2.3889623644715225,-3.6997152679346637,0
1.0794734502817696,-2.82199576656999,-4.048619494554963,0.5539001981363658,4.762638805668462,6.463321039892223,0.3690319994043654,0.4116388927636132,1
0.9115501646557285,-0.8579780689990243,-1.5614519742425195,2.0270229571150975,0.26322087956671747,2.9919959035474006,-1.262016424080496,-1.0617003879912148,1
2.524005531107924,-3.732664120376203,-2.8663701733249405,0.09532746924754998,2.9893089922140867,4.888850273244514,0.5044209391967613,-0.4227992781580372,1
1.9692846664374009,1.9327999522159236,-1.210976441805085,4.67536729167545,-2.057592461281561,4.416757109014504,-4.9760103537409694,2.6895137683349284,1
0.07671852441068183,1.3834515539785457,2.2916325102799333,-0.9970696955423445,-2.1795285665420647,-1.8811867127035995,-1.2148490150320201,-1.2931909103426518,0
-0.001190246096343106,1.9682015432273303,0.710835787526211,1.2478704175646147,-0.30369099249266407,1.7007777560904473,-2.766253975980195,2.3464220763331065,1
-1.7170142627661913,1.8076328679212066,0.03441882215907488,1.0222443449148457,0.35597428493743344,-0.8581739505503618,0.0315635672104535,3.1059370504671278,0
-2.729966209829791,2.602433658625286,1.3414109672021732,1.862034296480194,-0.038035115609984294,-0.9478807494241543,-1.2322293150051284,1.9759038653979015,0
0.4907077523831659,-1.0992025734139481,-1.4182043698171853,1.0451876134038638,2.5329276239502407,4.566847522755585,-1.365364072398462,-0.07629818807026889,1
-2.984794083812335,3.7001003096768343,1.491782588346339,-0.4145355350257789,0.31871602585385506,-0.9314538198633698,-1.283441570417585,1.4410357888612004,0
0.8319961150738819,1.027117870990118,2.5182915126915937,-0.19856027240605445,-3.502453037344305,-1.9604963645136537,-1.8468834582537592,-2.6420647313986336,0
3.1064827247588913,-0.04613422790110685,-1.2446377183869255,1.0908680901151597,-0.9891772504857187,2.884561668379272,-2.112072038504507,2.704230354253525,1
1.487157031458361,-0.07083437263893567,-0.5485497562738537,1.3631386936016723,-2.1773626044642,0.5422293112349643,-1.2203535908401046,-1.513855596834762,1
1.1524419036619395,-2.2865319956587613,2.2341651960795748,0.2399469713882182,-1.2801057120914172,-2.2002211020464855,0.637218142450048,-1.0595316288123624,1
-0.37305319741687637,0.470770013643202,-1.646437000832762,-0.8291725254310072,2.7134343511423875,3.703125967903037,-0.7996563921865929,0.23529889065979182,0
0.4501207524104054,-1.1002895454662547,-3.6647980338914072,1.6611766921681421,3.000556127284352,7.0516683103216895,-1.8585900872992864,-2.758050714108226,0
-1.7425079223511073,3.058779787785252,-1.0599306270491677,-0.01448250523709782,0.0934311116990707,-0.5044261094978202,-0.038671153592373275,2.7674639024565026,0
-2.666132525797352,4.889452065050141,-1.240512587729967,-2.0403821905523447,-0.13178758678785607,0.06520951551313543,-0.8774430311473764,-0.8373514850115324,0
-1.5945109423429797,1.258504636668838,0.6717367148028397,1.5192188609681803,-0.15835234241482166,-1.251655883235298,-0.12652366496182543,2.085989891324753,0
0.803030546055594,-3.2995442690567964,-0.8936249364831766,1.6112976199967446,3.8413684495967586,5.552783278644553,-1.1439106543151212,-0.9881075923448678,1
0.47980314133882906,-2.0697244386459968,0.11710164496420172,1.0146406164330097,2.7843318676963777,3.364442194911103,-0.8605060840805806,0.8333468217988923,0
0.7735280471455495,-1.7695663840836418,-2.480652273990592,0.8954315439293943,3.1263987540344096,4.609113093519901,-0.24868132383268227,0.7953495837627526,0
-0.19327596269528757,-3.923129622840703,0.9358314773078171,0.683468785203553,4.042520034231469,3.912305744618704,-0.4937148429078776,-3.1184084355434893,1
-0.40555762561082154,2.266165640777095,-3.9933956917234488,2.5105208083869166,0.21518844901620804,4.9090879549162425,-2.5417038110748242,-1.281964195253234,0
0.5848231678642296,-1.8284723239993432,0.8419121171210875,1.674025143135828,2.4677229498023783,4.685884377192871,-2.6368962929846047,-0.7838921326756946,1
3.7958370093398806,-0.8857979712777208,-1.0556165106383735,1.2393891089559164,-3.3699154085150145,-0.035227937883579516,-0.6998256781270331,1.0256489785797211,1
0.19542130800489033,2.711323872046088,-0.21360332284112016,0.5263245922294408,-2.579876852430824,0.36247340609240347,-2.3520037936652693,-1.3241989951764046,0
1.5385584055458885,-1.152414567637582,3.4421187105612447,0.12719813999089125,-2.4981178634810295,-2.709397005771826,-0.61600081714733,-0.18672810226947822,1
0.04124834037654379,0.9856506129606527,-3.0738576026508673,1.2252091187379321,1.3065288469335397,4.436923069861977,-1.6059857270329165,-0.2417082527462946,0
-2.017004064542702,4.195300969656387,-1.0699484279135982,0.7361213360525174,-2.4504460634254994,0.06172950613829748,-2.1028803858592493,-3.7474476456247796,0
-2.7533959770552636,1.3773161500094377,1.1877249756113246,-2.073246552480828,2.341278837790681,-1.3963777739591303,1.2094145774235372,1.6699302574859747,1
-0.4300118117129257,0.3409128688872243,0.2710226939802678,0.07620161396846603,1.8719086630636435,3.140274500620841,-1.928914981587571,-0.38007311964276236,1
-1.7209320129191217,2.6672333976427884,-0.2556183582878746,0.051611021347779173,1.104725676559983,1.9375124067699983,-1.848199633013743,0.672138475488733,0
-0.7208419887094042,0.8102483364866527,-0.10575575128537396,1.0496208097102375,1.0876408344863346,1.4605445004001139,-1.0290382728776735,1.9163762995062492,1
0.758349320957648,0.4321838536659032,-2.2480204216210073,-0.9208752490340955,-0.13878288125625915,1.0218109131005282,0.4192867493163579,-0.551498345892131,0
2.052588042662695,-0.9489767971153902,1.5111321424840827,0.8581461073847629,-1.8178332416974916,-0.490869529818062,-1.0885144986908217,0.8437386874243507,1
0.1265705199484065,0.3978291161517604,0.3148196023356641,-0.23316934218912677,-0.45682994206834915,-0.7292728278385224,0.06813092394367914,0.9427924527358033,1
2.0479439599092846,-0.553082634531876,0.5592388429750069,2.6149991603305405,-1.4988837386503624,1.6148682432621175,-2.4070187493038135,1.3270126226924304,1
-0.34552734211068203,1.6835591312549167,-2.347614144067788,-0.9076927246082618,-0.17330194968465595,0.5277678714020763,0.40089940751455866,-0.3139320528757491,0
-2.7811221134586788,2.18282819920701,0.09996327389486503,-0.38316253316540416,-0.05044220919067188,-1.3124086930158134,0.22402167627032532,-2.059139368714601,0
-3.3688132000498303,4.702458285567486,-1.3528181367671026,2.480532760063867,-0.39468344055257765,0.6892624032378705,-1.9222934910242144,1.2378782662940737,0
-2.125094130451517,5.311233510710469,-7.844223258027899,-2.216817489184681,1.8384726810835446,4.138989725835892,0.5588775749195185,-0.36489783705938295,0
-3.1829108965079738,2.4436731546635744,1.6907749481934071,0.922717158994914,0.8143318036434672,-1.2497983052439199,-0.6445330277857473,2.1134094136911594,0
2.1789278982024847,-3.2527332850942887,-0.30745139137045696,0.6141459070979981,1.3763958080824188,2.118663485538928,0.21638590624089882,0.6863421860931447,0
0.37090099659351616,1.4956437510013068,1.2845604844562328,0.07954248022903021,-0.4649605688514109,1.7327747881896962,-2.8811480771286444,0.11256753507292472,1
0.12929414453472887,0.25477019814906554,-0.28563802083595236,0.12647361522306722,-0.5091280475598299,-0.3059130214172209,0.07410885113692922,0.11173162188887953,0
2.6596894845318957,-1.318524283857588,-0.41784872740619383,0.9101455097921076,0.4362428830945301,4.042320846795437,-2.388527016692491,0.468273294187894,1
-1.1736336212760747,-0.09690735682521495,1.939718530541655,-2.65481638384419,0.42211951303652606,-3.535704715758923,2.198125858503021,0.3244512311785761,1
-0.5259380985922499,3.930766774477721,-1.767423285142617,-1.9077829381861389,-0.7375705137861204,1.1228643957942315,-1.3474050347507984,-0.03982942636464837,0
-1.3156915283649608,1.4445522608825563,1.4412443494886542,1.086987532149875,-0.7608727922635006,-2.2427046152711063,-0.08410318797993532,2.7872987980052804,0
3.4158105573694666,2.0043631879412964,-1.2699065499033821,-1.5976056298571308,-2.7197520584114923,1.8088214995020453,-2.4212072525469943,0.8786025913553084,0
0.9918708721222388,-3.0517838135224347,1.484813609626256,1.2265460459833482,2.2992800589080735,3.8859100163843525,-1.9624393634467843,-1.9938424070869831,1
0.6947755248923462,0.3516906028307701,-2.60475407849976,0.8085094378458244,0.055730689365037334,2.3283314093398535,-0.5007771606829468,-0.23969584394095067,1
1.5556391336277484,-1.1946835485491965,3.714809588442908,4.176392655470055,-2.3705835597236184,0.4953316381602534,-3.737611956440797,0.17132360970997407,1
-0.8374469857958384,2.215776374883954,-1.0804718662526722,1.6832452841510552,-0.02714907677092082,2.513668000524642,-2.362585047660702,0.04582899392529227,1
1.7140180719933118,-0.8649157586042444,1.901423308177779,1.232566681271151,-1.8425634378783482,-0.7412874803950611,-1.2094059028763822,0.9522907399310137,1
0.03895790268528998,2.0351224041154663,2.3881049429307732,-1.119332232153092,-2.6791848023233165,-1.9816358634559486,-1.634807782730364,-1.4931113019762108,0
-1.3778450364680936,1.3678378030100502,-1.5144117800910015,0.610615322118339,-0.24854760814849453,0.3612243447410275,-0.0638170747576905,-1.9588632144784945,1
-3.60659139829987,4.286759890679958,-1.6038306227687573,0.24657150089932212,1.9619693689023916,2.176976083682502,-1.4631100783813429,0.9142241282364622,0
1.5637635679054256,-0.7868702600996234,-2.5597553922690675,4.338571525872956,-1.5683228776933347,2.929615522486238,-1.757408004846948,-1.2410004507056123,1
-1.2103453533971318,0.9552612212736443,0.7340432373378287,-1.3305762391928253,1.3914586552842416,-0.364748604124012,0.2963569022987407,1.6549602175444096,1
0.47557115097588776,-1.9730912386499504,-0.02544545948072896,2.5851521016331036,0.9948401118438659,1.995566112601949,-0.72697024815969,0.1982982865094607,0
0.6777943627795855,-0.7493668273851318,-0.4646131776510052,0.5498124450677457,0.012892586492913138,1.5069424673233516,-0.7035641242346116,-1.6597895078789562,1
0.9146742273181425,-0.6474175129529279,1.103713747004329,1.425937953306551,-0.5442513468105212,0.4781666372542017,-1.2206335919710043,0.9954040546003966,1
-3.908696512714187,3.5078293486439422,2.316888615597025,0.2639811091344716,0.7147436090882318,-2.949223335070738,-0.024302315050563128,4.302302634377082,0
2.2816015314547777,-1.258065364115725,-0.724071299116354,2.2048280935925426,-0.48650126433304264,3.3402571582927405,-2.247952721963339,-0.3470890048255013,1
-0.8415378750130622,2.8089592274755493,0.22457501177497807,-0.43583187960604197,-2.1891275092883333,-0.33988025605116906,-1.7910237288569066,-3.2471006361315418,0
-1.2036680569445297,1.7464927408116677,-1.266080822105574,0.6673464950489834,-1.258075137231938,-0.2444146060338814,-0.3266616355713181,-2.5289147070151055,0
2.554090584283688,-0.833642590949279,0.42226447674760514,2.4090898957969147,-2.2561549169286885,0.742719024729198,-1.8509493124315026,1.1812251840142691,1
2.119450726890885,-0.09270327284598509,1.5816532777997234,-0.6110360939786559,-0.19593571675067856,2.4778122936032556,-2.868699544796619,0.44245750017852714,1
-1.7373034811873256,3.874122135687409,-1.1743943207453253,-1.5089293593668156,-0.47522424110499983,0.4614605482758771,-1.0834068073856318,-1.30996140751488,0
-2.1562162417371287,3.002181698738418,-1.1594373830698383,-0.6211852092255703,0.10485694103127385,-0.07708425435084269,-0.20695516244586454,-0.4393538637063179,0
1.3985339931406482,-1.8293544753434543,-0.7063813748646961,-0.8450586376732168,0.2198210251487691,0.8910844963239682,0.5803878937684683,-2.15521128406317,1
-0.3090137886653779,0.40808123682578384,-1.9592753365281173,1.7758696618259524,1.1593552979493358,3.366367083569043,-1.3463193078762805,-0.2218051063268347,1
-1.0824634119690795,1.080665248342907,-0.40888925270135323,1.6766267912048578,-0.23545118723806824,-0.7276886240276298,0.10722657544736025,2.2013711580836937,0
-1.5921826742154044,1.6199104866430738,-1.1445765454297352,2.035462442773187,0.5689493377956489,1.7879223486246303,-1.3146503352332934,0.07164350269346209,0
-1.1994596979560388,3.6550685439213915,-1.5951248975324988,-0.2081882411226822,-0.9052247732298212,1.109370477285417,-1.6236949614447362,-0.8064127314559967,0
1.2852472796624017,-2.0091995473594526,0.4690820352938454,-0.4975866656019654,1.7060884056105916,2.8563025414366123,-0.9787316109077726,-1.2359518017597952,1
0.35111670513682547,-1.4424563508358454,-0.570130119957751,1.9986320891944458,0.8827160348216699,2.7938274956286713,-1.1973906128057852,-1.8062193867545377,1
1.1127530898940567,1.512876909485938,0.5659782343585027,-2.0874216903303475,-1.2937105143726457,-0.15835802753978445,-1.0734744101381608,0.14014185122158396,0
0.31009163081082125,-0.7436801658204605,-2.295008188070711,2.0130024126355304,0.43072141172480805,2.6040218614834907,-0.4856722521367651,-1.532964052182809,1
0.21249746346826948,0.000803035618316493,2.9358293642074034,0.17532547629393647,-1.393779945603126,-2.105376709836329,-0.7210019903259078,0.7273671064434444,1
0.15598339579023957,-2.2420974377632406,-1.220324519261653,2.0551841265514117,4.178751837558066,6.3332117466573745,-1.852189929337608,-0.33674130879905795,1
-2.444179410326182,4.564665448665819,0.6355069420528001,-1.9304410496884858,-1.246999919332051,-0.9758151386720714,-1.5566980649429116,-2.1978724577145323,0
0.13915412863170973,-0.35122431144735583,-0.4235940629113214,1.0690156620326006,1.0384012432327219,0.8265124412621899,0.04806263548400702,3.022376651953096,0
-1.3559688321184384,0.8815668850889273,0.32014596914010496,0.9896593809940436,1.1134202187924043,0.3543843931501204,-0.4149910179982701,2.195959141706468,1
0.6724138727533193,-0.5479918955645378,-0.9565981327060742,0.20852719408777898,0.8975614814603535,2.4910801884227807,-0.8253676565746246,-0.7619269511057011,1
0.3527787397569402,0.6044402594560537,2.098044989428004,1.8186635098633874,-1.6944317563586233,-0.7807001198789966,-1.8297615263964278,1.4901625496861295,1
2.5634531310471935,-1.54236903668306,1.0911453168585967,2.4353762840666002,-1.8281680785313759,0.83566840495974,-1.875033680971025,0.8554597223847514,1
1.2962438359840578,-1.4145557148877996,-0.5655387313672315,-2.0373633422382227,0.658528142278399,0.8241745062637278,0.7449026182556109,-1.73374837378771,1
-2.2096085137503727,2.5680959911923362,0.2577526797161811,0.9418451590943964,-2.070051392853472,-1.0568054248855334,-1.2729287835208334,-4.387955823037141,0
1.4702626222865167,2.8560983061137137,-3.2352702500423014,1.582185248403574,-1.0669296297963136,3.5535439257998904,-2.6044023363622686,3.292534808363311,1
1.5398639425208422,-1.4335442185557163,-3.0152243677307813,1.049070415181394,0.4214280473101927,2.7354037220887633,0.1974529126798965,-0.9908060379829718,1
0.14770731554464311,2.0667279183309444,-1.0438254357669814,-0.060152697172127234,-1.885780370125607,0.41988351858521,-1.2902239354352407,-1.810296367341471,0
0.21840069592458589,0.8890694812875803,-3.255908908926702,-1.2864504504994856,3.727925557635416,8.263826153482508,-3.07661807591583,-3.1964941059665364,0
0.33884804615305697,2.90152332867934,-0.411264102261246,-1.9116398990757848,-1.132143697305083,0.4776125517727244,-1.4470727684285674,0.3995237589331211,0
1.6427518186177101,-2.0529195117009618,2.419094899756061,0.8972734106875853,-0.7774183344648506,-0.3063677775479409,-0.9097307732106923,0.09220725020270515,1
1.4469159666792772,-2.3713957275151567,-0.628637200990225,1.628270784131962,1.4965759019702445,3.331032692354756,-0.9370517678894158,-0.04006558168828711,0
0.39653200516088283,0.2763682125809118,-1.0624361761816172,-0.8009827421409705,0.28817034348652304,1.1718293736654133,-0.16591490552962807,-0.6949473262067016,1
2.0049920699935546,1.1790220690168385,-0.5831347397244608,2.203010809717985,-2.5604888820964944,1.947985567997472,-3.0397391865713557,0.4346452541910526,1
0.22776269472281896,-0.017786462028980494,-0.095518181883124,-0.2886274429369229,2.1675724278519786,3.6410123261899643,-1.8029925004406975,0.32017928254437056,1
0.38916977300594013,0.20902254663648315,2.1411084644174845,2.1115958519628126,-1.2782134684016864,0.2706589068105662,-2.3895062995613103,0.4492233806173834,1
1.3617629365701522,-1.0035006236123822,-1.5888548856191433,2.707442287836032,-0.9194697617719425,2.323187649754054,-1.2796755635594061,-1.501059637307303,1
-0.12996583454170008,3.8316375100645472,0.9093149059085259,-2.2151795315327347,-1.5782933419345464,-0.378036047714229,-2.049219573482743,0.9347191785468727,0
-2.542811267941617,1.7811585635137341,2.3634796340737654,0.777095373099091,0.4542266418402271,-3.073110918024665,0.48363774776362045,4.812855977972513,0
1.8586865596232562,1.8833578575890286,-3.2032610678446485,5.806372692331722,-0.9116188352495772,6.341868482913299,-4.931075372338283,3.7906560048257507,1
-0.5175592598064442,2.952291270595124,0.06765940603342213,-0.4438811886631914,-2.032965571818786,-0.6073094452186837,-1.4747779209371363,-0.8457080734972507,0
-2.704623705252472,2.7394795740313804,0.42018984883941535,-0.7342717819634901,-0.5373659939133995,-1.005763335085755,-0.5782640106472412,-3.189134090667019,0
0.9475759162211335,-0.1663894394371265,0.11735443057133677,0.3361940647299082,-1.6797690970274073,-0.5846325137806766,-0.3400693949645801,-1.1800171208951755,0
1.8648259057450876,1.3784318488925098,-0.31726432408762084,-1.785126548138355,-1.3241099712868276,0.35646964527616476,-0.9654256072492194,1.5504753500808786,0
0.45029708552617875,1.0892291979665754,-0.5916912494976787,0.8846088974940816,0.6223601661835492,2.523303600074172,-1.8708615613402821,2.50453198283682,1
-0.22601439248102484,0.7030489623731214,-1.0601645920445468,0.2636970935423848,-0.9453930847401238,-0.2670656756188575,0.13121913808912233,-1.3513108007939623,0
1.6318679371952811,-2.252989353326906,-0.5152502946311968,1.1290517319306053,-1.1905896930519702,0.4759979360231016,0.0722283835509796,-3.21077467752366,1
0.010483188451902992,0.8954927696273355,-1.4746079424828848,0.17763339252965415,1.7656259754482888,3.7037163084583686,-1.6062999631214363,0.9252741880243426,0
-0.14385124041153907,-1.0092938217959546,-1.8387492477961636,-0.9092086223145344,2.7050334206121422,2.7878310397943054,0.5769409042118663,-0.9301739846590102,1
-0.9545663553368209,0.8290796378116139,-2.97264852678827,-0.666539297530933,0.6904951770240455,0.8201143137713921,1.2075351454100165,-1.7432349989600067,0
-0.8511892994848839,5.2522828231419965,-0.6746028348149944,-1.870018613218956,-2.455539472239468,0.23769963662594767,-2.5387502816599916,-1.734016714157939,0
1.8473862548005977,1.2286526161843705,-0.44641596020618035,1.524388275254193,-2.5191181807522827,1.4095841992718283,-2.6098291289943183,0.19768821576336526,1
2.3223517029405074,-0.8648913755152126,1.9898686206597147,4.069353593644706,-1.3196656341349229,4.0153783264705485,-5.129489750610906,-0.2387822222040431,1
0.6975099113568491,0.7090846182047982,1.534201043163327,1.2200312589571487,-1.119053317657392,0.09382249340343471,-1.893832466270563,2.093891434996025,1
0.8298006320519238,-1.5829635478452044,2.7301719782412097,1.5118894378914278,-2.0705562480345407,-2.4605716437985365,-0.21681276219132617,-0.547784173983936,1
-1.0562968152071113,0.12400247188418606,-0.14632680812641297,-0.2703102236935999,1.3096975694367865,1.2508260765687838,-0.3191296469633713,-1.6865156916237174,1
-0.49568022017784985,0.7517023666523243,0.056250814347941325,3.7891427818846277,0.8099817948570323,3.4155866373067862,-3.111567311005121,1.9967683229544635,1
-1.3029559962474289,2.226873613071872,-2.1613703912667734,1.3921923015841497,0.5298604035839216,2.6338013927328796,-1.5360686485984787,-0.3863799851180669,0
-3.6595090133809864,5.041159360443764,-1.3297604011262596,-0.5717976221320451,-0.9750130663796183,-0.14958639865917076,-1.2617614520910636,-3.8372660045668185,0
-2.127787288265731,3.2726001381875762,-1.7872245752813432,-1.1176019688118566,0.15028236663922834,0.09059245240152733,0.01703421367094693,-0.6938308411182039,0
-1.8084542359032736,3.4807810080119337,-1.2447529265266315,-0.6324611320327946,-0.4143861628277672,0.5402289101937411,-1.0450898525502437,-1.099647342403289,0
3.3716967327010057,-0.39297577407402545,1.6441305105509567,3.405923585641168,-4.214180002455043,0.2978275252215552,-3.3808007864111507,0.9435000365440287,1
3.738071882777837,-2.011047982548117,-1.3767444976804963,2.3909795586787475,-2.2911012888025373,2.2048546077031013,-1.5275074175279615,-0.906991749411119,1
-1.913905952308395,5.166178754745342,-0.42983716588069565,-1.062067417465481,-1.9600809091120694,0.21566406526127946,-2.5109466406391627,-2.471454587799531,0
-1.7765437396185417,2.968654840378659,-3.902987053027255,1.2307055267609646,2.15588120988104,5.338159636912964,-2.1585804411927656,-0.4651521633516269,0
1.9682924692211048,-1.7431929246441231,2.7357343668960246,1.290637448759707,-1.3727201065871437,-0.22038471348939273,-1.5924501018615986,0.39198205887103954,1
0.14115469443072293,-0.6732197382875097,1.0228462839008046,0.10682313150990708,0.941705719934201,-0.22606442178857697,0.21772318550774328,2.651764851052647,0
0.13613366031770613,-0.8064817987268447,-1.1036459590146843,0.09090540929861868,0.9684594310992808,1.7585190109770257,-0.018704151894435306,-1.6612912659318342,1
1.804770617208391,0.40622730040163596,-0.818765076059405,1.8654993788874783,-1.4816707030810778,1.6044123678774682,-1.8297460038391473,1.6246211890496838,1
-1.169492912150589,0.32533359302300396,0.6046089629962614,1.2059800739408995,0.86970934945414,-0.7998759076611663,0.38821516797722566,3.273006511540126,0
-1.2696936957307856,0.3606837871343351,1.837257685243038,0.13168558062255742,0.8856982457383056,-0.7112787738233414,-0.27577498501721487,1.386430201704226,1
1.3805408385810027,0.6140511776390445,-1.101873735212063,3.5788306549660427,-0.4070177856345991,3.7444909051639503,-3.159945408128309,2.7091751336872885,1
0.7394165117637093,3.194920751131309,0.337301326827081,-0.4836694656042727,-2.8112375648406833,0.02186511074993028,-2.5641380834420877,0.006684854816535246,0
-3.5596314277926497,3.539145085190825,0.34462770118281916,1.6247181260459103,-0.23881804053571543,-1.8844996799484648,-0.30229890245372404,2.2052427381373074,0
1.9971136630705928,-1.485625345450375,2.0361800896468756,1.8781804672700813,-1.828973909613738,-0.25503422876721765,-1.522638782279018,0.4962454115882312,1
0.1124726119868984,-0.05843052431520613,-1.420220827396275,2.103529058811525,0.8909621369137318,3.1566074194167997,-1.493617662165284,0.11373243163379476,0
-2.278660255464956,2.06186830340421,-2.6898993016136945,0.8527720216768104,0.1637972095543112,0.5498254613796978,0.38702729433527105,-1.988654353721268,0
-1.9915665579854966,3.692830483953104,-2.8767947924495374,-0.5344227124725871,-0.5274951768291662,1.03869890111301,-0.6099717208794041,-2.5302701573656696,0
2.8331217411947573,-1.5396415454252625,-0.8841461705043213,0.039739159049121175,-1.0966291311138963,1.4870963730759221,-0.5929708307858595,-0.9501344064936476,1
-0.7813876653220435,4.824998429117249,-0.24941817961627322,-3.1901842539173217,-0.8458410713617224,0.5552040309246288,-2.0063181714313254,0.18334126089302405,0
-1.8168447279113387,3.692636475353399,-2.629788843791385,-1.211600332863574,-0.726524989941516,0.7665035989161288,-0.5443796223158641,-3.0987069762708934,0
2.577604106655088,-4.150866134680932,-1.9401886027971726,0.9224887651714335,1.9894372090312142,4.059608263891438,0.21423481295655122,-1.5781804389894072,1
-1.6341292706168136,1.1834392315679978,-0.7813122950740519,1.851129708064449,0.8374530095106901,0.23368499078421862,-0.00985111244357506,2.547092710648216,0
0.6728932890401338,-1.3306850183356789,0.8815652601869017,0.011593862921008169,1.4983724004429186,0.5508217856001226,0.18466787462066336,2.9860347068709068,0
1.5305917842253898,-1.6672848137130574,-2.702544943312195,2.0580136390647983,-0.23555032430816292,2.4518394681153723,-0.09771138099809273,-1.6213824596536806,1
1.7810794218886343,-0.8032998538502307,2.361317251068494,4.061406745580623,-2.6191928109895084,0.7446248811021938,-3.373323986993795,0.23538855525940794,1
0.9587605336467131,-0.43196744093651274,1.9439212773246202,0.5259896395824625,-1.2161645702758959,-1.032249277631416,-0.7918693604750728,1.074758160540694,1
-2.4835311059364944,2.519752017868581,-0.9444384334696878,-2.37381068072721,1.6948469547884817,-0.6191993322455792,1.193996181800419,0.9777640764791824,0
-1.2054942403009317,0.8461897898741607,-0.281602245771551,-0.09712236792644435,2.8809236853763105,3.9553010239032544,-1.953349466412899,-0.27904733480720756,0
0.21207443733912268,-0.572143913417511,-4.4141200216562435,1.199420543283009,2.3279469605538914,4.267165574637507,0.33852024936210867,0.13779449105575026,1
-0.5664312824532609,0.8722477697189057,0.7225137541616804,0.011117077480405246,0.8013331068949416,-0.024120739029147464,-0.3711868806232782,2.9963558149008236,0
-0.42258715417511183,-0.25534667782072185,1.150192557115593,1.3835109343238423,0.8451324238495959,0.8679484217273759,-1.0688301022858397,1.3288606337908824,1
-0.05795918475173445,-0.27162777006517735,-1.6085177599904907,0.07109119841565137,0.1735333992300041,0.8185782764893785,0.4755324825897358,-1.8900608149669642,1
-1.8930185174779752,2.3852675489589963,-4.099354711431209,-2.025403813622115,2.286819229741248,1.7393428712923373,1.4679351154102998,0.19630786513734377,0
-0.6765591304191247,2.004173616406832,-2.074612094032226,-1.3520172929611052,0.8422958076860745,0.846241046277599,0.37905069790633283,1.4419622386472724,0
-1.5055826236282783,1.214508829184991,-0.652200080560655,0.9859324876266775,1.70546126136645,2.223609919639386,-1.1652100086729573,0.7285138244220444,0
0.4231834073878512,0.34213224491713873,0.23685380584330007,1.0070485163625724,0.04661039286726554,2.3295839635449562,-2.203270460674644,-0.6163430745819015,1
0.4305845827654833,-0.4395097502199572,-2.554390878306857,-0.1458457956771828,0.02959476309235487,0.8834764193854435,1.0047767548512265,-1.7155184279660511,1
-0.8687385542792523,3.072579612990754,-0.02980988421529851,-1.2345025479289147,-1.7165060751439032,-0.5172248532389482,-1.2877828322647367,-2.050901361813139,0
0.33430864765566404,-0.0851638972587775,1.7212436103792739,-0.9530167588275269,-0.1489732953742826,-0.7193409550076707,-0.36761378680441925,0.495272565438337,1
-1.5852277952534952,2.002778056493661,0.4995231960762747,-1.4511434671364065,1.660504982980491,-0.43129452308805927,0.24089181357100253,3.734412437406114,0
1.9893937435148077,-0.5805589586397271,1.5910638951422662,2.5666078545077795,-3.179645449166359,-0.8249482102194649,-1.8259304830655578,0.29385546859226874,1
0.5264935105774946,-1.090561900524193,2.264985303066511,-1.2070874067847237,2.8730219488062128,3.7697735371561625,-2.4801983867389783,-0.3715047584844592,1
-1.0128574231623175,3.4417258406721536,-1.0881793040113978,-0.7982466360265976,-1.0515473724158912,0.3443935616122218,-1.2357487137625487,-0.5572878398773368,0
2.4997357161100577,-4.490930433451779,-1.2941200373839299,3.87485154211672,0.9533279944078171,4.563404484326839,-1.271680501790142,-2.4656595723998733,1
-0.8689742605108135,0.4043476889457682,0.9079088156737112,0.4306886174060084,1.4688630725332041,1.4266836160776872,-1.2041589663449972,0.9378501785056694,0
-0.048300761713740537,-1.9913286692988628,-0.13894850595043873,1.9375351511066436,3.6197395173882874,5.469560880233502,-2.1342339978796225,-0.6500730043807751,1
-0.46447162003201836,0.41350135446587905,-0.21807252300732227,-0.387148499801806,1.6580482355849484,1.6380610994393734,-0.5237023148948869,1.1389943245756597,0
0.6910878270606313,-0.41703425045218795,-0.48575219077210774,1.1182947118869573,0.8027332915808056,3.1481971494986074,-1.8250385094599078,-0.5459408664728755,1
-0.21699014623757007,0.7743524176413565,0.2720908664110142,-0.17908660597881076,-0.3995531697895459,-0.9379322314201521,0.140506702414805,1.3913412844509878,1
-0.7075673201362821,2.9207152992444088,-0.02835816696619231,-1.05009766823397,-1.521070278298175,-0.48206464188843995,-1.200091606222806,-1.0312332389108547,0
-0.700212831378366,2.783537360446067,0.8132271736250687,0.20428280223870132,-2.769206295808959,-0.9267665342389183,-2.0079403844154617,-2.5878424638730078,0
-2.101859198987938,1.97308843562576,0.4968457695288029,2.0381356931979986,-0.22451464093631057,-1.6659882248606583,-0.05113665506261489,3.494633275450589,0
1.0976387779379622,-2.43673098776164,0.33592551845761376,3.014583744242403,1.5455277506422558,4.590585017192395,-2.623146821504239,-1.4123480564835003,1
1.7788910475581345,-0.7913601449045522,-0.3557402235829037,1.0835933367863344,-0.7970426075129349,1.9331026883723876,-1.5210561504201303,-0.8423243920972012,1
0.7404131144557813,0.9175875703328046,2.724807981681559,-0.09816631015627242,-2.7988856851764434,-1.9576960603625744,-1.6341498784261639,-0.7194000011232562,0
-1.9318316089781407,3.054605763777828,-1.3543035222794404,-0.06640995815194661,-0.9325700336810729,0.049953002385369455,-0.7395468587725151,-2.4156788645970035,0
1.112279109093624,-2.2189403435575463,-1.137598582543576,1.8996643853563422,1.4864316860456968,2.9680519809159103,-0.4441300379300265,0.27086534235971316,0
-1.8681109641216218,2.5542256359979967,-0.1337259170683085,1.305205127255207,1.5475902362047482,1.982266340945503,-1.8794509140623346,3.2170009772703296,1
0.7840817881820943,0.7705108195259848,0.7164370463623981,1.1666423587936126,-0.9714815040988315,0.7181007911906628,-1.851639807993969,1.6403366789479314,1
2.56991918939169,0.5497330074516544,-0.551202144727682,0.6750379219250993,-1.379523085318986,1.9769147450130726,-2.141252408688856,2.2798803615013004,1
0.24023307493475066,-0.22450733579975296,-0.22856152525076134,-1.8502489137171256,0.1577874382512079,-1.6676380197696246,1.828732812676496,1.159652242652303,1
0.06376446640847444,-0.2799208301474235,0.422664460595801,0.52048311651382,-1.3239843409660157,-1.0157652678037015,-0.00022032891180268077,-2.011701554354897,0
-0.1420503560746842,0.012674492078845925,0.8664399913793228,1.801574150051783,-0.4719625058845087,0.034737198407009576,-0.9812444207206652,0.7736932052276098,1
-2.767662063122714,3.033027513975963,0.6674870797418335,0.13745699966835878,-1.1799803199709094,-1.379478625607354,-0.9326411650901347,-2.7339621066221937,0
-0.7201707645055877,1.9910066588796078,-2.0725913493222223,-1.5695683551372204,2.3646224137972864,3.2327290426295288,-0.7902438909752431,1.3171567846711034,0
-2.709197876381417,2.88017885141431,-2.620166770691493,0.24495171663753101,-0.06562614102802378,0.3808122085310859,0.1604585333329438,-2.7917620321689234,0
-2.2548080707055607,1.5646571879480016,0.11372263024371343,-0.30668680543615734,1.925685837762896,0.17716360486351768,0.12778019304460053,1.9147259374481091,1
0.4081123865223222,4.818591930441422,1.744431474504089,-1.569791832162065,-3.565495870603833,-0.7538097881897401,-3.5696332754233175,0.28474452246565063,0
0.007564189457232695,-1.7284170800943899,-4.179586469100338,1.5890474007923763,1.5684518387152848,2.7639805133083297,1.419085089500022,-2.245474610104793,1
0.34709631874668223,2.0608208252507105,-0.4927101995775587,-1.7729770881959073,-0.6234315068230947,-0.05664794605133348,-0.46743548948805147,1.3410125423277424,0
1.0683882394446904,-1.2139141938049534,2.6264291499455314,0.5398441755018255,-2.530631732606235,-3.4441230089853447,0.4008476621622181,0.008869856424326139,1
-0.19817985756795475,0.9107063350333836,-1.2494950762983708,2.9971392211772363,0.662229332580071,2.99440922614366,-2.0344510603116346,2.3471174586680292,1
1.2422603442922386,2.940290289718376,-0.39592415391470814,-1.3720557245306564,-2.0267615057656796,0.814482238954548,-2.2049761521254627,0.6603138121617689,0
2.60088706416448,-0.8220917922577975,-1.5695859061586872,1.3723361700056824,-0.45399223727364557,3.3476386301380137,-1.795553986575669,0.4750830476495773,1
-0.3977563451759748,2.2007261903124693,2.334513508622039,-0.4199290433664884,-2.963204136974612,-2.068963543146895,-1.8059086585380244,-2.224650912543014,0
0.27247713638430504,-2.1060699484134324,-1.0824988663888224,2.8739357286450637,3.8429709042756586,6.708167428331224,-2.530997530938926,-0.2049811085948242,1
-0.8465097227601386,1.891632228946721,-1.2935232085031034,-1.670725806783818,0.31949016438733424,0.04873679243739362,0.39689061734211784,0.03326303985469847,0
2.189921291199175,0.4341945324419148,-0.5842010017607828,2.701620060802235,-1.7762555522416354,2.369712319979914,-2.81864374301688,1.787869612101471,1
-4.525768334937388,4.95594047444797,0.36121291919447795,1.0819768603758586,0.6752118244252383,-0.10660130938795578,-1.7430430168260043,1.1620327140482973,0
-3.9209595437894817,5.895025894001847,-0.7839231112911293,-2.0460778445974626,-0.6142642806640689,-0.39925960345522404,-1.3502885607785386,-3.1847676350131695,0
0.7558702417293353,1.2829108073342688,0.4181521238431827,0.5683471650442258,-2.658845686448278,-0.55897807712105,-1.5259403798925955,-1.2471696342401846,0
-2.376137576457131,4.034494450057781,0.06000436330162606,0.7960899395225869,-0.6756670453061964,-1.9521039523996906,-0.3588311287993655,4.640563835485507,0
-3.4901651940921576,2.569612876784136,-0.5398477143884186,1.1497106220516558,-0.5423843785320188,-1.1501014447505586,-0.0733813545045986,-3.1023704334437485,0
1.1656921851855402,2.8373720534341373,-1.450481073848167,-1.634897661634307,-2.1264849482443116,0.6990284143626748,-1.4633528236748234,-0.4351173642785099,0
0.46184539626226373,-1.3847092817367364,0.6812511983021463,1.1880609823311878,1.1007837469328456,0.6107244491453465,-0.0481796740928917,2.5216678566997643,0
0.2381486917475475,0.18560214991808574,-1.5966911090454865,-0.7104364594255019,0.1843307789162929,0.040194764008625726,1.01358934551791,0.5158703492043009,0
1.885050707525103,1.8468788767321072,-1.1902131696719418,-1.6308043369843317,-1.5609581433522433,0.940577665226744,-1.202961936986418,0.9736191418168099,0
1.2591136483888152,-1.8734642828759376,-1.2529067494907835,0.6512081239976713,-0.8889900438088327,0.313054327882814,0.6940625101151932,-3.0095820541882117,1
0.25519205612250184,-1.8111283789308144,4.159221638142185,-3.225042654522169,-1.2187060590451917,-5.495406954188029,2.3894907823382834,-1.3642088139211928,1
0.49494515158374375,-4.302071654688932,-4.4498834489085635,0.12132810316633658,5.5262125993381686,5.58298801378585,2.233617450599376,-1.487665211810439,1
0.9521839172759315,-2.7389679470566395,-1.9465689245874824,1.4004950296106933,2.3820820484884204,4.114664165269725,-0.2154725703041347,-1.5991520241587687,1
-3.1044370648154453,4.738270783672322,-0.4246045807588298,1.3036151582816866,-1.0372336181926523,-1.4686060686323243,-0.9260912398857222,2.5452931761227267,0
1.2889407538462998,0.5500819386974868,2.2042318515857913,1.2318178834305669,-2.683847491118758,-0.9110849341924914,-2.138110730288239,0.5212908624018202,1
3.397618672589229,-0.9605829687842146,-1.0947744960711516,3.563307285095661,-1.1967537653763358,4.673627843827433,-3.6797205032496567,1.108228467486665,1
0.19637209499811747,-2.190352292784766,2.6098512727936374,-3.4884681866487215,0.17956571657053755,-4.347703445678994,3.1923354895998095,-0.6264761397069059,1
1.7304426103627084,-0.01561424732726441,0.422421055989714,0.23456173625826826,-1.55195204415931,-0.057082135513323494,-0.9269066325654717,0.9975316735849417,1
0.08707286129366221,0.4286670723708781,-1.0846644436741095,-0.4984785377463701,2.7308338521074917,4.951975040991806,-2.1336543342143224,-0.17606362082647986,0
1.2535997833112682,1.724907329738907,-3.630950701197706,-1.3911966668345648,-0.10666431463819437,2.2397249244276796,-0.12124580657977846,1.0348578483151631,0
0.3012096690016639,0.09954375489396185,-0.0375318190799947,-0.6626063923375483,0.007695760906955895,-0.693871420794955,0.6151493894412177,1.5746624163540432,1
0.7591289172119924,0.9809880638152699,2.449800382335558,0.4333809633133301,-3.6696635785300407,-1.958292419898746,-1.9453447258132632,-2.586128237421189,0
-0.4858014580697385,-0.1568990627160561,0.2981572818829278,0.3347416450118912,0.3575842463432932,-0.6490850356010973,0.5083380580312973,1.0183145264640816,1
-2.1894917963108944,2.5250369447127325,1.5055067662481383,0.9353860568180663,-2.2526115199364676,-2.0789849543610304,-1.2727027355440244,-2.9387008438499453,0
1.152535640492911,-0.38540045697221925,-1.9621087051378363,-0.8427924299871645,2.2137147498552125,3.672946818410255,-0.5084273173352758,1.5308310493595565,0
1.022936759482772,-5.0413292523592155,-0.7166656098581929,2.8989945257197443,3.597485480348352,5.3511801860910735,-0.7280805807824915,-2.8459431284080177,1
-0.08166506974672638,0.04299471822723397,-2.0640135357582308,2.758388933642337,0.7466440528155696,2.44191363302794,-0.7364593865787137,1.5737546661498367,0
2.5995300656447817,-1.934223000340467,-0.584278638909143,3.064188103298018,-1.7271975969149969,2.2591799719345373,-1.8944569754632865,-1.5820862709087673,1
1.1696050610666402,-1.5485260357288295,-2.1467552384266675,3.272503380290408,2.468133636273938,6.395072627343593,-2.5245954476033594,0.6358476290850634,1
-1.2761198710256831,-0.7571215883744573,3.5576133790755637,0.4794947990016363,0.2462725752710675,-2.037879739960949,-0.1688169083220732,-0.13574097591672385,1
1.0821936291378025,3.660314659677336,-1.8502684853288265,-0.6458324187817934,-2.9091917027578775,1.6175650220053195,-2.7180956108943612,-1.6351311596240272,0
2.9986251039618534,-3.7527797893370143,0.8790969600492851,-0.8570600484326534,1.9004291138302507,2.2748647729571485,-0.01205460017942439,1.4523811000194076,1
1.262487111731565,2.0854853558325397,-1.9140959935808337,4.889600406463469,-0.9509371753590791,5.091573806644889,-4.68039982681558,3.3460021352281433,1
0.5530742963932994,2.0785526961863847,-1.2578565951447005,1.6808155189023046,-1.478772240060013,2.000960997593487,-2.456081889804766,0.4450542317420825,1
-0.22606370884062,2.25304390984337,-0.16048425789182685,0.10863867012549955,-1.630050804768561,-0.18210622639924784,-1.314334249822049,-0.2370236143876473,0
-0.8967018755927478,-0.19696596995913093,0.9800829881525653,1.892654251061122,0.4342904380390127,0.31584023239501424,-0.7986037636975093,0.404004895974325,1
-2.9310978691649514,4.123975292553108,-0.47384181442572326,2.1171922948384108,-0.5184438300200249,0.17200030071835284,-1.83616431889034,1.4097449627449075,0
0.29214182510481046,-0.7051748025406971,-0.6708346594523767,2.6766029183465108,0.3570495493706002,1.9231980576516405,-1.0430873799963984,0.7386066110350404,0
1.810821670630108,-0.5247167799622724,1.9584708384087146,-0.0807278629937016,-2.9305886865372917,-2.427275075826792,-0.3562294134350795,-0.2304683369022198,1
-0.08056815087945413,1.2724750833348373,-1.4522527572543296,-0.38338611166920267,-0.9004710941697429,0.23155711656866446,-0.13458436217455927,-1.3654591028910255,0
-3.3870718102506014,2.4222113651921564,3.5615094430747885,1.3081898639136056,-3.278567262883373,-3.8458980590316996,-1.5519725712508932,-6.274084925252251,0
-1.6506398054533207,2.20154260365343,-2.4177138401361917,2.5395964094065326,-0.15487239365308114,0.8658236344997543,-0.4353474773541597,1.3235891507124666,0
1.4531859888262755,-3.1757560008407695,-1.3343294307317772,-0.6294275201911865,3.0260573104536155,3.7635111870952036,0.39714799175205084,-1.246052859308053,1
-1.849992234547956,1.8050595768332147,-0.380789688497128,1.8720370997152918,0.9161787181822156,1.223441552135115,-1.2152879186920937,1.7304819731120356,1
3.2573043418322785,0.7190987187500293,-0.03583640892277007,2.0335745891479435,-3.5664973910471036,0.7364131307059255,-2.6771716424840823,2.249708255841412,1
-0.29276292996821274,-0.19527655091710594,0.5721069131116432,0.46734982432824,1.3905649038151837,1.3892874860205242,-0.8017261824397428,1.2279621006387698,0
-2.174463626254248,2.1830069857710153,-0.6776004426847484,-0.14361464675681712,-0.42419316753115754,-0.8263067052644328,0.10164071441013989,-1.9620036134022434,0
1.7744054024162397,-2.584043190094501,0.30299789854790027,2.0242425239324904,-0.8440119311518777,1.474482201414537,-1.0365068686722205,-2.8904658854099106,1
-0.8081199251461575,1.14071187901689,1.450854005011646,1.2275056630013952,0.7973728694286606,1.3312010195556194,-2.1173223248466444,2.1275861668705223,1
-3.36088869898658,4.343880000783893,-0.11982517308937313,0.4105149410334643,-1.5905198253194648,-0.8358883885233004,-1.5829441482543574,-3.6087334691759487,0
1.807010277513957,-2.213082000282545,-0.9279817283126728,1.6999215455065064,2.5645362299036183,5.70572403782098,-2.2224013367115716,0.498588724968021,1
-1.0826608583784352,1.434925643753431,-3.090539230325274,0.5493951619630583,2.293835219803853,4.523206955028315,-1.2970478250282425,-0.7833629508263962,0
0.6751681583942738,-0.33979189161401147,2.5487707063939427,1.626074470118254,-1.2046977033360666,-0.4821359074486692,-1.7476232712301205,1.0741450069990714,1
-1.1879920715733525,1.225617962239843,-0.4896158932454344,1.6387408464815123,0.008047112363870679,-0.6132408651300305,0.12497123180453618,2.7165039487830915,0
-0.5443545612396767,0.7298310563269669,-1.591192348043616,0.5537642029764198,1.2165829416358698,1.1155824418490472,0.266573062573356,2.5010270853402967,0
2.3935379951745297,-1.068813228886568,1.0785271362425948,0.8000965664149939,-1.0919664558620097,1.9618702478085683,-2.3878436515379753,-0.8281798964669059,1
1.9291383279860543,0.030540791120939173,-2.029652007675357,1.212305849631697,-1.8268141662038353,1.4189901239872915,-0.9005853144285958,-0.7464926434534582,1
-1.3294407895596763,3.5730314285772495,-1.7090157831454102,-0.5598855428079343,-1.017909088119984,0.5133897733220376,-1.0624844358009617,-1.1861742780276867,0
-1.9846201733722135,4.157930728923511,0.1509361531932154,0.5627835771196099,-2.502429424850375,-0.925941476726844,-2.0372168640787494,-2.1389553046681757,0
-1.9692245806496071,4.069888380987653,-4.436995885527234,-1.760393834521705,0.7103586221421128,1.8065594134572196,0.27284413135025054,-0.9895649102034614,0
-1.8625420640125614,2.5481289078830693,-2.4254550822471908,-0.35118277505649687,0.23061519919648577,0.5659841360505722,0.2206575115238032,-1.1006136526484034,0
1.9087175347194336,-6.054552521375849,-1.5748748791844296,1.214685361670646,5.335092172550241,6.62826841639121,0.12013661755839333,-1.7783244201263333,1
0.793280333450585,0.4641427739983648,-0.4453496005151326,2.7042219756919126,-1.8587590462179353,1.5131239903866962,-2.263838542068588,-1.281260216999944,1
-1.6711535835703675,5.545660836046856,-1.4447622634218906,-0.6494008251555625,-2.0755557151717463,1.010721363111456,-2.7794373349101167,-2.164305840848455,0
2.1085371757111364,-1.5177897081317604,1.6180935015395383,0.470449711145037,0.04826777022240869,2.585300220256939,-2.4849157568775064,-0.7346527991426195,1
-0.6565253364294499,-1.092518592382863,-1.8615884324326708,-1.140552818129268,1.516753221673211,0.5772221755174954,1.8657106158743324,-2.7740532233614856,1
1.4237790068436091,-1.4036345824070935,1.1303783886665832,-0.3341998619013815,0.26414603896560906,1.6303934231651642,-1.285747745646629,-1.4017272231904183,1
-0.6111311110260993,4.061632166524196,-3.910159348451382,-1.861755599736352,0.2728225288261059,2.582176592078469,-0.834778699480725,0.3620833960788723,0
0.07391426646042087,4.694457470670221,1.3548859094320376,-3.7255810740333355,-2.304000416069192,-0.8900563032961218,-2.352990595497863,-0.00646057329659977,0
-0.07529874371094103,2.8469640893096626,-2.70182718358251,-1.2030572452682224,-0.2795155224581054,1.997066224278095,-0.9778480768712121,-0.34945205290543035,0
1.6874775416001604,-0.36770693928009446,1.7745782650908606,0.40810414220318936,-1.3331649014599325,-0.48296885357944663,-1.1887946391898634,1.9545025894176584,1
-0.4799132464075626,0.45995729557810877,-1.487512063344933,1.9989026969970634,-1.370905787360304,0.19937815824047223,-0.30065094989347463,-2.4539790906785006,1
-0.6593508261281846,0.47029621207069,-1.3593674498922341,0.8666312804749277,1.4294420962609795,1.902294003299425,-0.33742952296477124,1.1822412472862318,0
3.1801047486850758,-1.5900204343768698,1.3151005650660537,1.8033040950162142,-2.7684572292195107,-0.12825432172694223,-1.571954224381931,0.5823922812149133,1
-1.6904805234988283,1.4955172127825576,-0.8178429679164089,1.2034037398898605,1.348889883522349,1.3708665796480313,-0.6849268635598423,1.5919460623157227,0
-0.2911976230939608,1.1825158027660005,1.648658081934615,0.2299758635380219,-0.10394641688481676,-0.2825400392218325,-1.2573542202642574,2.5714573493559216,1
-3.075029296919904,3.320214553475128,0.96329837649451,2.648005498553441,-1.2126720677429037,-2.715221397824598,-0.5005559345914312,3.2862628727086314,0
0.5687136993897741,-0.2809376205347619,1.0038201062241698,-0.4220340418996482,0.12562618940747905,-0.3181276757971421,-0.13667519565489672,1.6621071418290891,1
-0.6279140747685413,3.736590345369333,-2.2081091799075994,-1.6464696727243378,-0.8906261780797479,1.118525020993816,-1.1125858812795322,-0.9706037341231057,0
-1.4506467133002645,1.8580655029823387,-0.9964258518150249,1.945632620753696,0.4256683473384021,1.7310107964047254,-1.4973653204061341,0.6143261868791781,0
-3.2980363408909636,5.507574208407885,-2.541135280765178,-0.1331557195731925,1.3855893057655484,3.433284534303191,-2.547577535974801,-0.17575258018450768,0
1.0707165311196412,-1.548977660666206,4.418008835843451,-2.190567848234464,-1.9081861314181627,-4.636189593203322,1.024059931223917,-0.41966734174600706,1
1.3389152058057299,3.2733612511974988,-1.426582378864733,-1.849061126728639,-2.0436086077083706,1.2998703660869393,-2.045391148532594,-0.05138851219255436,0
-2.496504430972806,1.4672344329515623,1.9439479851683492,-1.2732486532310419,2.4951189990037097,-0.015617789423336463,-0.38964340357065375,1.8372622027208192,0
1.0816256917399352,-2.4402875033590608,0.5773627565940989,-0.8619938416617234,2.138205865893064,2.659845686239705,-0.4925038675876998,-1.6669941767748144,1
0.35559736325406077,2.124123996610488,1.3664629786019407,-0.4175197740008779,-3.340153464489583,-1.7571541121203145,-1.6234360881746284,-1.8840057416560296,0
-5.162096509710068,7.826599012485067,-3.6669961866403025,3.3775394578587803,-0.9749777844792833,1.598133871424175,-2.7640335161710468,0.31287314913855147,0
-0.9857377417937296,0.6128761783229075,1.945028637979171,-1.4637291122395641,1.677208788154906,-1.0852293137589915,0.41141019616874774,3.8172453467176477,0
3.321046731221954,-1.0163031892484622,0.2997727667955217,1.8074672609325548,-2.400012459781031,1.1050618258462568,-1.9886305761209202,1.1392127446316194,1
0.5946686240200347,-1.7790270425686954,-0.238852241876777,0.006098134051514048,4.091836346700264,5.573395469808129,-1.784493162753214,0.3458308321101129,1
-1.116253287327051,2.329214032352483,-0.652536042838985,-0.21826089889112066,-1.4346902061087372,-0.22184946160293675,-0.884220977926091,-2.777611785631815,0
-1.3183046514711705,2.9538185640018733,1.0222619527406382,-0.8303552728836934,-1.0953789199849011,-1.2868265755615806,-1.0377698984438415,0.4516715014190895,0
0.9375245235903857,2.8002737824266672,0.4372936866839552,-0.027833018097545126,-3.229800257876742,-0.183892950681599,-2.5618951278056743,-0.5606740560163258,0
-1.445559349988458,1.8547905935685125,1.2976151562614353,0.23195561119118613,0.19807972211193148,-0.3287238989811734,-1.1165734578833593,1.4661262787066454,1
-1.61990718785833,2.5464505165793603,-0.34813793199513965,-0.9189015182057044,-0.07667633490951087,-0.6147172564794039,-0.14455930880601486,0.28869491745920106,0
1.0421316582939915,-0.01571255629275803,0.7123464636457011,-0.6401733625868462,-0.273756278019476,1.1910284630550494,-1.3956323561561526,-0.7661114378421436,1
-2.908287827385605,4.887113238580201,-1.120726816382105,-3.128039016833646,0.8625774978963556,-0.08690243362349466,-0.24933742126500114,0.2878211549236609,0
-1.5916368128326372,3.2825862855166106,-1.9972285155893958,0.17846229273809255,-0.8917844519835829,0.815518210862127,-1.0599023249707444,-1.8020682236388064,0
-1.4349082123028416,1.9349415404726158,-1.0120359648581918,1.350032685362421,0.3048533712202347,0.106790444208101,-0.22034721546443647,2.6914417304992813,0
1.7104023736996852,0.528916893300974,-0.7619607769523957,0.1056300308048741,-1.4113348253547402,-0.013954788828910013,-0.38201252265449614,2.301213066942992,1
-0.0578559960417826,-1.3998223246522867,3.6227217083919268,-0.47030331307663276,-0.6055890579947794,-2.6101254040545765,0.21294953008156758,-0.8329035997762224,1
0.6738059856062693,0.5315192956238448,2.733394377030982,0.4215509248870214,-1.8915258005342301,-1.4455829798432562,-1.567110143420291,0.9309026113455484,1
-0.8985191345446727,1.5188474284111555,-0.9133370139918934,-1.2380340405934964,0.09128966535353866,-0.34457504884740137,0.461525732659795,-0.3159944782794817,0
0.6622561823582258,1.3702890924113165,2.0580069447423655,-1.7252281317825493,-1.8119812213006155,-1.5539978159546997,-1.0788705040509314,0.02484614739653468,0
0.8470378263805078,-0.643108608977439,-2.7363380253981573,0.386346360632842,2.9215680435170013,6.536617418023272,-2.044976145310999,-1.4984311180366574,0
-0.7680942959090098,1.8865689295371793,-2.049820538000917,-1.1662459211210985,1.4022954039278526,2.10308287711421,-0.35440529976162394,0.554640005956405,1
-2.5700433583106124,3.721216149218388,-1.6279387030014756,0.2022351395500186,1.4222735369048034,2.166270117014622,-1.474604706206284,1.1192984891146094,0
1.4287770287153978,-2.570560392322536,-0.01575371564610084,4.21309949674517,4.092155360304831,8.826440113226207,-4.7244330025882935,1.3058785500777699,1
-0.009667710831714693,1.1921136726864767,2.444049033636276,0.8243950007485019,-3.3270747340446842,-1.744341120941426,-2.0794598967914606,-3.2791327185964594,0
2.677420261880692,-0.727207300425501,0.14108593372581535,0.24066578003970585,-2.083089171626141,-0.4010580938006081,-0.47386278132591997,1.2915892930665056,1
0.320114668116935,-0.8244835630626771,-1.6167025723108184,0.9706878040390211,0.2516458093720896,1.5975636034918141,-0.012718411510882044,-1.8568284875313008,1
-0.04686154207972215,3.0316937211212065,-1.1114836960846,-0.7939570972782072,-1.2351099378465848,1.031880943635534,-1.7008471205783082,-0.320312355154561,0
0.8126190899816719,-2.9772163748879907,2.7230554709546833,2.3393085402187976,-0.21366322535334548,-2.476429986499067,1.0187597551812941,3.4816545562456724,0
-0.41060705196991476,-0.040491644195262466,2.259983890421868,0.7984825976599316,0.3317370294775912,0.18904901040304833,-1.421114286762778,0.7159428120817064,1
2.3842778380168443,-0.5497716153401311,-0.020107670997794536,2.3548966141753684,-2.1278796055548206,0.8965566820179488,-1.7492058653587437,1.3039871365726445,1
0.5274431125360091,-0.9520524921150301,-0.9360424295661551,1.6877281077471684,1.0038356093963885,2.042691598298125,-0.4807698789378325,1.2817563595821697,1
0.5943024443127775,0.2837750401917963,0.4000040564798064,2.160529101642266,-0.2700026455894785,1.6016339305617826,-1.997063250986733,1.945784518440623,1
-0.06180956026937978,0.8964568776740252,-3.052446725955276,0.46300840870031523,2.5413876058115115,5.8778230789491195,-2.0736441703782837,-0.6813457299051544,0
-1.1560448922405597,1.4127791754212977,-0.7094423830113701,0.8867641423619573,0.5890304940966007,0.012112015261715268,0.04792933672136601,2.797523607193899,0
-1.0866920391372652,2.593417563757634,-1.2517851472758812,-3.8211555297600874,1.307445999687498,0.07619044625753031,0.8067528769677907,0.8423506341380373,0
-0.28060201434179244,-1.455371535306673,4.366084657672166,0.3687424960709291,-1.7528889470480133,-4.429837684414124,0.6103572057217652,-0.588248553752857,1
1.6203484601958915,-0.7045324716937688,1.079728646389951,2.2206642755305976,-1.6713457677651062,0.06229429142125836,-1.4635428348759874,1.4649071098491029,1
1.9033844787138838,-1.9209836577001378,-3.262561571513254,2.3523174449962694,-0.2676997194772781,2.8492457714886275,-0.041053842142045216,-1.4900474880794299,1
2.1722702601859383,-1.1936024838057648,0.9544058370993098,0.8904819646886009,-2.3711505444579366,-1.251695124404466,-0.3224041432013126,0.30518518582941734,1
-2.015568087584036,2.140062225778526,-0.9176167953857777,0.2814684531000359,1.7603427429155012,1.1608234178136947,-0.39490530498076337,2.412554878610579,1
4.211556348051194,-1.7002667456228544,-2.1362550987036903,1.7154578895278543,-1.5578914862982396,3.320057958326989,-1.6620466850215727,0.5234372352743315,1
-0.40577874965037464,0.33433377817061993,1.0534690639779667,-0.31689804850100045,1.299157230415989,1.4610804062956237,-1.274104469653028,0.5277564081514694,0
1.519244428575111,-2.2473130162853625,-1.7704050749775306,3.4207811480700006,0.44795576897190714,3.8428085348920296,-1.4009072395279236,-1.323483658106598,1
-0.3184336169818588,1.2500021104676502,-1.7388795135013857,1.3916263025466797,0.5472737846167649,2.1247224809819527,-1.030931057180718,1.5782564376200892,0
-0.1107159114246794,1.7679547905429995,-3.161516870811724,3.098690124886502,1.6749921183396954,5.221081165688266,-2.532746528580046,3.6637624543552647,1
-2.5187625829469376,3.378109517603598,-1.6456467435099538,2.6849508279015377,-0.6530392695192926,-0.22960373482700272,-0.6927451719121387,2.0730040718035454,0
1.5779943702866852,-0.625942186260315,-0.7807917660447341,-1.1871435291201755,1.4834954551517796,3.234139664325262,-1.0545037691935564,0.375611202757862,1
0.4630557863043149,-0.06206946043796434,3.2969756887583115,-0.9603582254767413,-1.6984316273747688,-2.960456165874613,-0.2313016866077856,0.35110831096396167,1
1.4139804320966194,0.34036254706472824,-0.9754737997989151,0.24230175375142926,-0.23945753370290523,2.3567809405609994,-1.5445613306274781,0.33422559006427943,1
-1.426956689259208,2.592782288851783,-2.810599068168042,1.294149530346525,0.9420337043793108,2.9798452668691904,-1.3629285676225962,0.556081263756369,0
-1.2402488434002141,0.9474276362702437,-0.7188423880786581,0.09276873068351188,-0.37374385133956256,-0.5934046069673508,0.3784746602314586,-1.7878480316376666,0
-3.789343671036438,3.2244838520649526,0.2047803242603501,1.7967877044725609,1.0603328994476249,0.21797946142171637,-1.2013679582993129,1.155268665287767,0
-2.632294841023498,4.18489090793968,-2.0564472342300912,2.4187013443093437,-0.8758392488268409,1.065604276460659,-1.8224973521080794,-0.06664471358086765,0
1.3928565336680585,-0.5826900139181936,-3.0910258031237117,0.18780518237203536,-0.37116064259270165,1.4960273957656405,0.666173251588702,-0.9701190090019443,1
-2.20326538130835,2.512744348881055,0.06151945902173028,1.3392568679170314,0.21708984502356232,0.5223853699673153,-1.4211514210247742,0.551017320013081,0
-0.9381143659350372,3.659538114447385,-1.0120923309002618,-2.6238325249056076,-0.43173903094044297,-0.013598905632530498,-0.5735397333677277,0.16096596402363628,0
-1.0721657030987521,0.8635248733275009,0.5553594741127799,-0.09445172682804326,-1.0273212788655326,-1.3417502963075454,-0.021406341065317025,-2.3079291105783666,0
2.279315120811935,-0.42355958158614415,0.900505607389566,1.8002201842897931,-1.9339570714648548,0.5371864900023435,-1.8999622781429726,1.83590412018417,1
-0.44908425240474004,-1.2836782127815352,-3.3613405761097113,3.1822261843495068,0.6778902109819482,2.411167654902106,0.4578765835044638,-2.416257631590608,1
-1.7381756524657928,1.1392854031690893,0.4362282761766394,0.6394002317742017,1.0406536440037626,-0.5749289869045217,0.16697389148344022,2.604032504724591,0
-1.2898327593841405,2.10237957992928,-2.8038692056043346,1.0694428278070882,0.8317249650309146,1.782651078967808,-0.27036631566860614,1.4533173025723651,0
-2.5808706571505033,3.62725596607057,1.124073520769144,-1.7500725465857614,1.5604065125569901,0.6764123569699998,-1.5861100507938217,1.479682131108041,0
-2.082323331599725,1.0751286702459477,0.7170718084845011,-2.827149174903655,2.7114357389861845,-0.6979111853911318,1.303894325732316,1.8067101224362563,1
0.5978657952469095,-0.23111564183720035,0.21503442895018354,-0.5992218266739171,0.15051504859335996,1.2023331521390919,-0.8468122771038707,-1.3338123241423485,1
1.6253613615657971,-3.799537148869348,-3.598950829137588,1.5613783969440358,1.18639720838556,2.6619561577488917,1.7344309787143093,-2.9518282153957056,1
1.9961114147459744,-1.3456025074513416,-1.9150838268036356,2.938457997161314,0.3533796291169067,4.504720010695916,-2.1479008565100832,0.029710170788002532,1
-2.006232634815227,1.9492562079710025,1.273939189712018,-0.1643234826789277,-1.5079216591158624,-2.0294890727148616,-0.49733333253413703,-3.055154289931939,0
2.419598295289977,-1.7560407298454608,0.7255984826281522,0.9136547031581781,-0.7099112939554144,1.1676703951491336,-1.1529416102277585,0.5605769921449535,1
-3.596515031519488,4.978426611424583,-4.537569601854646,3.1428005955722536,0.2866324137399485,3.441883803509786,-2.0830661934242274,-1.2258391874199575,0
-1.2276626379046796,1.5374779654546353,-0.003932116840727251,3.018389610269357,-1.6866500199318293,-2.6016307027002537,0.36063406999634084,3.7577496739018046,0
-1.1313897044759333,2.811927047846772,-0.2754076606792617,0.841869014438229,-2.096272135016092,-0.30212956575761835,-1.6473936133329399,-2.0490311261682024,0
-1.6475916123143102,1.5878346913464405,0.6769626096841228,0.6856954051244009,1.3777975657722128,1.464390104095313,-1.595759473784441,1.2122428660681845,0
-2.5897198524734213,3.2582581270181903,-0.08378100351003237,-0.30270705805831344,-0.7361150767441104,-1.4576522978067707,-0.26034419889400173,-0.746983179885853,0
-3.2884113973921107,1.772508005333822,-2.870036298751736,-0.6061402456449076,2.3790909017905193,0.5980723342330383,1.7313364169295489,-1.010200317108007,0
-0.7268728449054758,1.4232216464472656,-1.6895817742099233,0.6611487039005867,1.3646708872628481,2.8920699982300846,-1.2678451278611884,0.752222378583479,0
1.174060704245311,-2.149659890784314,-3.146674692648008,2.0524483321656417,2.6379795040805076,5.336586018677269,-0.6533718507795775,-0.11916747397474259,1
-1.6716223643193038,3.308259700056028,-3.0654428845330353,0.8071679276848859,1.696192409517893,4.657940243586824,-2.3927994860897304,-0.07826705883379281,0
1.4943667867995305,0.5290761819691686,-1.5829952705958559,1.3947058379453454,-2.478681332831909,0.5516046435372746,-0.9727436835691756,-1.1198514653285,1
-4.853406198916392,5.276896381522099,0.43269189990163404,0.2784856440648844,1.1643416180295776,0.1156156006317322,-1.7555173810009204,0.8183232929719304,0
1.2414292196186467,-1.6680453945039484,-2.778498436963586,3.5980765542690447,-0.8219649750274167,2.4706035132275264,-0.5202108885648763,-2.1890976539831812,1
1.1283798300157966,-0.7913319904644556,-1.368994421363464,-0.8143265753185176,-0.08837107503551911,0.8604608348252147,0.47918135544812146,-1.5346582838912193,1
-1.7723382146909663,3.792900466010423,-3.871509781590949,0.40847527291449637,1.560100032613665,5.123878703066647,-2.4666164134489414,-1.2867413505052143,0
